// Auto-generated .vlw font: Microsoft YaHei 72pt (time digits, alpha 0.70)
// Glyphs: 12, size: 19665 bytes
// Single external definition (see font_vlw_time_big.h)
#include <Arduino.h>
extern const uint8_t font_vlw_time_big[19665] PROGMEM = {
  0x00, 0x00, 0x00, 0x0C, 0x00, 0x00, 0x00, 0x60, 0x00, 0x00, 0x00, 0x48, 0x00, 0x00, 0x00, 0x00,
  0x00, 0x00, 0x00, 0x4D, 0x00, 0x00, 0x00, 0x13, 0x00, 0x00, 0x00, 0x30, 0x00, 0x00, 0x00, 0x38,
  0x00, 0x00, 0x00, 0x25, 0x00, 0x00, 0x00, 0x2A, 0x00, 0x00, 0x00, 0x37, 0x00, 0x00, 0x00, 0x03,
  0x00, 0x00, 0x00, 0x00, 0x00, 0x00, 0x00, 0x31, 0x00, 0x00, 0x00, 0x37, 0x00, 0x00, 0x00, 0x14,
  0x00, 0x00, 0x00, 0x2A, 0x00, 0x00, 0x00, 0x37, 0x00, 0x00, 0x00, 0x07, 0x00, 0x00, 0x00, 0x00,
  0x00, 0x00, 0x00, 0x32, 0x00, 0x00, 0x00, 0x37, 0x00, 0x00, 0x00, 0x23, 0x00, 0x00, 0x00, 0x2A,
  0x00, 0x00, 0x00, 0x37, 0x00, 0x00, 0x00, 0x04, 0x00, 0x00, 0x00, 0x00, 0x00, 0x00, 0x00, 0x33,
  0x00, 0x00, 0x00, 0x38, 0x00, 0x00, 0x00, 0x20, 0x00, 0x00, 0x00, 0x2A, 0x00, 0x00, 0x00, 0x37,
  0x00, 0x00, 0x00, 0x05, 0x00, 0x00, 0x00, 0x00, 0x00, 0x00, 0x00, 0x34, 0x00, 0x00, 0x00, 0x36,
  0x00, 0x00, 0x00, 0x29, 0x00, 0x00, 0x00, 0x2A, 0x00, 0x00, 0x00, 0x36, 0x00, 0x00, 0x00, 0x00,
  0x00, 0x00, 0x00, 0x00, 0x00, 0x00, 0x00, 0x35, 0x00, 0x00, 0x00, 0x37, 0x00, 0x00, 0x00, 0x20,
  0x00, 0x00, 0x00, 0x2A, 0x00, 0x00, 0x00, 0x36, 0x00, 0x00, 0x00, 0x06, 0x00, 0x00, 0x00, 0x00,
  0x00, 0x00, 0x00, 0x36, 0x00, 0x00, 0x00, 0x38, 0x00, 0x00, 0x00, 0x24, 0x00, 0x00, 0x00, 0x2A,
  0x00, 0x00, 0x00, 0x37, 0x00, 0x00, 0x00, 0x04, 0x00, 0x00, 0x00, 0x00, 0x00, 0x00, 0x00, 0x37,
  0x00, 0x00, 0x00, 0x36, 0x00, 0x00, 0x00, 0x24, 0x00, 0x00, 0x00, 0x2A, 0x00, 0x00, 0x00, 0x36,
  0x00, 0x00, 0x00, 0x03, 0x00, 0x00, 0x00, 0x00, 0x00, 0x00, 0x00, 0x38, 0x00, 0x00, 0x00, 0x38,
  0x00, 0x00, 0x00, 0x24, 0x00, 0x00, 0x00, 0x2A, 0x00, 0x00, 0x00, 0x37, 0x00, 0x00, 0x00, 0x03,
  0x00, 0x00, 0x00, 0x00, 0x00, 0x00, 0x00, 0x39, 0x00, 0x00, 0x00, 0x38, 0x00, 0x00, 0x00, 0x24,
  0x00, 0x00, 0x00, 0x2A, 0x00, 0x00, 0x00, 0x37, 0x00, 0x00, 0x00, 0x03, 0x00, 0x00, 0x00, 0x00,
  0x00, 0x00, 0x00, 0x3A, 0x00, 0x00, 0x00, 0x29, 0x00, 0x00, 0x00, 0x0A, 0x00, 0x00, 0x00, 0x11,
  0x00, 0x00, 0x00, 0x28, 0x00, 0x00, 0x00, 0x04, 0x00, 0x00, 0x00, 0x00, 0x00, 0x00, 0x00, 0x20,
  0x00, 0x00, 0x00, 0x00, 0x00, 0x00, 0x00, 0x00, 0x00, 0x00, 0x00, 0x15, 0x00, 0x00, 0x00, 0x00,
  0x00, 0x00, 0x00, 0x00, 0x00, 0x00, 0x00, 0x00, 0x00, 0x00, 0x00, 0x00, 0x00, 0x00, 0x00, 0x00,
  0x00, 0x00, 0x00, 0x00, 0x01, 0x27, 0x5A, 0x7B, 0x98, 0xA5, 0xAF, 0xAC, 0xA3, 0x8D, 0x6F, 0x43,
  0x10, 0x00, 0x00, 0x00, 0x00, 0x00, 0x00, 0x00, 0x00, 0x00, 0x00, 0x00, 0x00, 0x00, 0x00, 0x00,
  0x00, 0x00, 0x00, 0x00, 0x00, 0x00, 0x00, 0x09, 0x51, 0x9E, 0xB2, 0xB2, 0xB2, 0xB2, 0xB2, 0xB2,
  0xB2, 0xB2, 0xB2, 0xB2, 0xB2, 0xB0, 0x76, 0x22, 0x00, 0x00, 0x00, 0x00, 0x00, 0x00, 0x00, 0x00,
  0x00, 0x00, 0x00, 0x00, 0x00, 0x00, 0x00, 0x00, 0x00, 0x00, 0x00, 0x3A, 0xA0, 0xB2, 0xB2, 0xB2,
  0xB2, 0xB2, 0xB2, 0xB2, 0xB2, 0xB2, 0xB2, 0xB2, 0xB2, 0xB2, 0xB2, 0xB2, 0xB1, 0x64, 0x05, 0x00,
  0x00, 0x00, 0x00, 0x00, 0x00, 0x00, 0x00, 0x00, 0x00, 0x00, 0x00, 0x00, 0x00, 0x00, 0x02, 0x65,
  0xB2, 0xB2, 0xB2, 0xB2, 0xB2, 0xB2, 0xB2, 0xB2, 0xB2, 0xB2, 0xB2, 0xB2, 0xB2, 0xB2, 0xB2, 0xB2,
  0xB2, 0xB2, 0xB2, 0x8C, 0x10, 0x00, 0x00, 0x00, 0x00, 0x00, 0x00, 0x00, 0x00, 0x00, 0x00, 0x00,
  0x00, 0x00, 0x02, 0x79, 0xB2, 0xB2, 0xB2, 0xB2, 0xB2, 0xB2, 0xB2, 0xB2, 0xB2, 0xB2, 0xB2, 0xB2,
  0xB2, 0xB2, 0xB2, 0xB2, 0xB2, 0xB2, 0xB2, 0xB2, 0xB2, 0x95, 0x0C, 0x00, 0x00, 0x00, 0x00, 0x00,
  0x00, 0x00, 0x00, 0x00, 0x00, 0x00, 0x00, 0x6D, 0xB2, 0xB2, 0xB2, 0xB2, 0xB2, 0xB2, 0xB2, 0xB2,
  0xB2, 0xA9, 0x8F, 0x86, 0x91, 0xAD, 0xB2, 0xB2, 0xB2, 0xB2, 0xB2, 0xB2, 0xB2, 0xB2, 0xB2, 0x87,
  0x02, 0x00, 0x00, 0x00, 0x00, 0x00, 0x00, 0x00, 0x00, 0x00, 0x00, 0x45, 0xB2, 0xB2, 0xB2, 0xB2,
  0xB2, 0xB2, 0xB2, 0xB1, 0x72, 0x27, 0x01, 0x00, 0x00, 0x00, 0x04, 0x38, 0x8D, 0xB2, 0xB2, 0xB2,
  0xB2, 0xB2, 0xB2, 0xB2, 0xB2, 0x56, 0x00, 0x00, 0x00, 0x00, 0x00, 0x00, 0x00, 0x00, 0x00, 0x17,
  0xAB, 0xB2, 0xB2, 0xB2, 0xB2, 0xB2, 0xB2, 0xA2, 0x2A, 0x00, 0x00, 0x00, 0x00, 0x00, 0x00, 0x00,
  0x00, 0x01, 0x58, 0xB1, 0xB2, 0xB2, 0xB2, 0xB2, 0xB2, 0xB2, 0xAE, 0x17, 0x00, 0x00, 0x00, 0x00,
  0x00, 0x00, 0x00, 0x00, 0x78, 0xB2, 0xB2, 0xB2, 0xB2, 0xB2, 0xB2, 0xA2, 0x19, 0x00, 0x00, 0x00,
  0x00, 0x00, 0x00, 0x00, 0x00, 0x00, 0x00, 0x00, 0x52, 0xB2, 0xB2, 0xB2, 0xB2, 0xB2, 0xB2, 0xB2,
  0x74, 0x00, 0x00, 0x00, 0x00, 0x00, 0x00, 0x00, 0x26, 0xB2, 0xB2, 0xB2, 0xB2, 0xB2, 0xB2, 0xB1,
  0x2C, 0x00, 0x00, 0x00, 0x00, 0x00, 0x00, 0x00, 0x00, 0x00, 0x00, 0x00, 0x00, 0x00, 0x7B, 0xB2,
  0xB2, 0xB2, 0xB2, 0xB2, 0xB2, 0xB1, 0x16, 0x00, 0x00, 0x00, 0x00, 0x00, 0x00, 0x78, 0xB2, 0xB2,
  0xB2, 0xB2, 0xB2, 0xB2, 0x68, 0x00, 0x00, 0x00, 0x00, 0x00, 0x00, 0x00, 0x00, 0x00, 0x00, 0x00,
  0x00, 0x00, 0x00, 0x12, 0xAC, 0xB2, 0xB2, 0xB2, 0xB2, 0xB2, 0xB2, 0x60, 0x00, 0x00, 0x00, 0x00,
  0x00, 0x15, 0xB0, 0xB2, 0xB2, 0xB2, 0xB2, 0xB2, 0xAC, 0x0E, 0x00, 0x00, 0x00, 0x00, 0x00, 0x00,
  0x00, 0x00, 0x00, 0x00, 0x00, 0x00, 0x00, 0x00, 0x00, 0x64, 0xB2, 0xB2, 0xB2, 0xB2, 0xB2, 0xB2,
  0xA0, 0x00, 0x00, 0x00, 0x00, 0x00, 0x53, 0xB2, 0xB2, 0xB2, 0xB2, 0xB2, 0xB2, 0x6B, 0x00, 0x00,
  0x00, 0x00, 0x00, 0x00, 0x00, 0x00, 0x00, 0x00, 0x00, 0x00, 0x00, 0x00, 0x00, 0x00, 0x19, 0xB1,
  0xB2, 0xB2, 0xB2, 0xB2, 0xB2, 0xB2, 0x28, 0x00, 0x00, 0x00, 0x00, 0x90, 0xB2, 0xB2, 0xB2, 0xB2,
  0xB2, 0xB2, 0x26, 0x00, 0x00, 0x00, 0x00, 0x00, 0x00, 0x00, 0x00, 0x00, 0x00, 0x00, 0x00, 0x00,
  0x00, 0x00, 0x00, 0x00, 0x8C, 0xB2, 0xB2, 0xB2, 0xB2, 0xB2, 0xB2, 0x5D, 0x00, 0x00, 0x00, 0x11,
  0xB2, 0xB2, 0xB2, 0xB2, 0xB2, 0xB2, 0x9E, 0x00, 0x00, 0x00, 0x00, 0x00, 0x00, 0x00, 0x00, 0x00,
  0x00, 0x00, 0x00, 0x00, 0x00, 0x00, 0x00, 0x00, 0x00, 0x53, 0xB2, 0xB2, 0xB2, 0xB2, 0xB2, 0xB2,
  0x89, 0x00, 0x00, 0x00, 0x3F, 0xB2, 0xB2, 0xB2, 0xB2, 0xB2, 0xB2, 0x6D, 0x00, 0x00, 0x00, 0x00,
  0x00, 0x00, 0x00, 0x00, 0x00, 0x00, 0x00, 0x00, 0x00, 0x00, 0x00, 0x00, 0x00, 0x00, 0x25, 0xB2,
  0xB2, 0xB2, 0xB2, 0xB2, 0xB2, 0xAE, 0x05, 0x00, 0x00, 0x6B, 0xB2, 0xB2, 0xB2, 0xB2, 0xB2, 0xB2,
  0x40, 0x00, 0x00, 0x00, 0x00, 0x00, 0x00, 0x00, 0x00, 0x00, 0x00, 0x00, 0x00, 0x00, 0x00, 0x00,
  0x00, 0x00, 0x00, 0x02, 0xAB, 0xB2, 0xB2, 0xB2, 0xB2, 0xB2, 0xB2, 0x22, 0x00, 0x00, 0x8E, 0xB2,
  0xB2, 0xB2, 0xB2, 0xB2, 0xB2, 0x1C, 0x00, 0x00, 0x00, 0x00, 0x00, 0x00, 0x00, 0x00, 0x00, 0x00,
  0x00, 0x00, 0x00, 0x00, 0x00, 0x00, 0x00, 0x00, 0x00, 0x8C, 0xB2, 0xB2, 0xB2, 0xB2, 0xB2, 0xB2,
  0x41, 0x00, 0x02, 0xAC, 0xB2, 0xB2, 0xB2, 0xB2, 0xB2, 0xAB, 0x01, 0x00, 0x00, 0x00, 0x00, 0x00,
  0x00, 0x00, 0x00, 0x00, 0x00, 0x00, 0x00, 0x00, 0x00, 0x00, 0x00, 0x00, 0x00, 0x00, 0x6C, 0xB2,
  0xB2, 0xB2, 0xB2, 0xB2, 0xB2, 0x5E, 0x00, 0x1A, 0xB2, 0xB2, 0xB2, 0xB2, 0xB2, 0xB2, 0x92, 0x00,
  0x00, 0x00, 0x00, 0x00, 0x00, 0x00, 0x00, 0x00, 0x00, 0x00, 0x00, 0x00, 0x00, 0x00, 0x00, 0x00,
  0x00, 0x00, 0x00, 0x54, 0xB2, 0xB2, 0xB2, 0xB2, 0xB2, 0xB2, 0x73, 0x00, 0x31, 0xB2, 0xB2, 0xB2,
  0xB2, 0xB2, 0xB2, 0x79, 0x00, 0x00, 0x00, 0x00, 0x00, 0x00, 0x00, 0x00, 0x00, 0x00, 0x00, 0x00,
  0x00, 0x00, 0x00, 0x00, 0x00, 0x00, 0x00, 0x00, 0x3C, 0xB2, 0xB2, 0xB2, 0xB2, 0xB2, 0xB2, 0x88,
  0x00, 0x47, 0xB2, 0xB2, 0xB2, 0xB2, 0xB2, 0xB2, 0x66, 0x00, 0x00, 0x00, 0x00, 0x00, 0x00, 0x00,
  0x00, 0x00, 0x00, 0x00, 0x00, 0x00, 0x00, 0x00, 0x00, 0x00, 0x00, 0x00, 0x00, 0x2C, 0xB2, 0xB2,
  0xB2, 0xB2, 0xB2, 0xB2, 0x9A, 0x00, 0x5B, 0xB2, 0xB2, 0xB2, 0xB2, 0xB2, 0xB2, 0x56, 0x00, 0x00,
  0x00, 0x00, 0x00, 0x00, 0x00, 0x00, 0x00, 0x00, 0x00, 0x00, 0x00, 0x00, 0x00, 0x00, 0x00, 0x00,
  0x00, 0x00, 0x1C, 0xB2, 0xB2, 0xB2, 0xB2, 0xB2, 0xB2, 0xA6, 0x00, 0x68, 0xB2, 0xB2, 0xB2, 0xB2,
  0xB2, 0xB2, 0x47, 0x00, 0x00, 0x00, 0x00, 0x00, 0x00, 0x00, 0x00, 0x00, 0x00, 0x00, 0x00, 0x00,
  0x00, 0x00, 0x00, 0x00, 0x00, 0x00, 0x00, 0x0F, 0xB2, 0xB2, 0xB2, 0xB2, 0xB2, 0xB2, 0xB1, 0x00,
  0x74, 0xB2, 0xB2, 0xB2, 0xB2, 0xB2, 0xB2, 0x3E, 0x00, 0x00, 0x00, 0x00, 0x00, 0x00, 0x00, 0x00,
  0x00, 0x00, 0x00, 0x00, 0x00, 0x00, 0x00, 0x00, 0x00, 0x00, 0x00, 0x00, 0x07, 0xB2, 0xB2, 0xB2,
  0xB2, 0xB2, 0xB2, 0xB2, 0x09, 0x7F, 0xB2, 0xB2, 0xB2, 0xB2, 0xB2, 0xB2, 0x35, 0x00, 0x00, 0x00,
  0x00, 0x00, 0x00, 0x00, 0x00, 0x00, 0x00, 0x00, 0x00, 0x00, 0x00, 0x00, 0x00, 0x00, 0x00, 0x00,
  0x00, 0x00, 0xB1, 0xB2, 0xB2, 0xB2, 0xB2, 0xB2, 0xB2, 0x0D, 0x85, 0xB2, 0xB2, 0xB2, 0xB2, 0xB2,
  0xB2, 0x2F, 0x00, 0x00, 0x00, 0x00, 0x00, 0x00, 0x00, 0x00, 0x00, 0x00, 0x00, 0x00, 0x00, 0x00,
  0x00, 0x00, 0x00, 0x00, 0x00, 0x00, 0x00, 0xAD, 0xB2, 0xB2, 0xB2, 0xB2, 0xB2, 0xB2, 0x10, 0x89,
  0xB2, 0xB2, 0xB2, 0xB2, 0xB2, 0xB2, 0x2C, 0x00, 0x00, 0x00, 0x00, 0x00, 0x00, 0x00, 0x00, 0x00,
  0x00, 0x00, 0x00, 0x00, 0x00, 0x00, 0x00, 0x00, 0x00, 0x00, 0x00, 0x00, 0xAA, 0xB2, 0xB2, 0xB2,
  0xB2, 0xB2, 0xB2, 0x14, 0x8C, 0xB2, 0xB2, 0xB2, 0xB2, 0xB2, 0xB2, 0x2A, 0x00, 0x00, 0x00, 0x00,
  0x00, 0x00, 0x00, 0x00, 0x00, 0x00, 0x00, 0x00, 0x00, 0x00, 0x00, 0x00, 0x00, 0x00, 0x00, 0x00,
  0x00, 0xA8, 0xB2, 0xB2, 0xB2, 0xB2, 0xB2, 0xB2, 0x12, 0x8C, 0xB2, 0xB2, 0xB2, 0xB2, 0xB2, 0xB2,
  0x2C, 0x00, 0x00, 0x00, 0x00, 0x00, 0x00, 0x00, 0x00, 0x00, 0x00, 0x00, 0x00, 0x00, 0x00, 0x00,
  0x00, 0x00, 0x00, 0x00, 0x00, 0x00, 0xAB, 0xB2, 0xB2, 0xB2, 0xB2, 0xB2, 0xB2, 0x0E, 0x89, 0xB2,
  0xB2, 0xB2, 0xB2, 0xB2, 0xB2, 0x2E, 0x00, 0x00, 0x00, 0x00, 0x00, 0x00, 0x00, 0x00, 0x00, 0x00,
  0x00, 0x00, 0x00, 0x00, 0x00, 0x00, 0x00, 0x00, 0x00, 0x00, 0x00, 0xAE, 0xB2, 0xB2, 0xB2, 0xB2,
  0xB2, 0xB2, 0x0A, 0x85, 0xB2, 0xB2, 0xB2, 0xB2, 0xB2, 0xB2, 0x33, 0x00, 0x00, 0x00, 0x00, 0x00,
  0x00, 0x00, 0x00, 0x00, 0x00, 0x00, 0x00, 0x00, 0x00, 0x00, 0x00, 0x00, 0x00, 0x00, 0x00, 0x01,
  0xB1, 0xB2, 0xB2, 0xB2, 0xB2, 0xB2, 0xB2, 0x03, 0x7E, 0xB2, 0xB2, 0xB2, 0xB2, 0xB2, 0xB2, 0x3C,
  0x00, 0x00, 0x00, 0x00, 0x00, 0x00, 0x00, 0x00, 0x00, 0x00, 0x00, 0x00, 0x00, 0x00, 0x00, 0x00,
  0x00, 0x00, 0x00, 0x00, 0x09, 0xB2, 0xB2, 0xB2, 0xB2, 0xB2, 0xB2, 0xA8, 0x00, 0x72, 0xB2, 0xB2,
  0xB2, 0xB2, 0xB2, 0xB2, 0x45, 0x00, 0x00, 0x00, 0x00, 0x00, 0x00, 0x00, 0x00, 0x00, 0x00, 0x00,
  0x00, 0x00, 0x00, 0x00, 0x00, 0x00, 0x00, 0x00, 0x00, 0x13, 0xB2, 0xB2, 0xB2, 0xB2, 0xB2, 0xB2,
  0x9C, 0x00, 0x66, 0xB2, 0xB2, 0xB2, 0xB2, 0xB2, 0xB2, 0x54, 0x00, 0x00, 0x00, 0x00, 0x00, 0x00,
  0x00, 0x00, 0x00, 0x00, 0x00, 0x00, 0x00, 0x00, 0x00, 0x00, 0x00, 0x00, 0x00, 0x00, 0x23, 0xB2,
  0xB2, 0xB2, 0xB2, 0xB2, 0xB2, 0x8B, 0x00, 0x56, 0xB2, 0xB2, 0xB2, 0xB2, 0xB2, 0xB2, 0x65, 0x00,
  0x00, 0x00, 0x00, 0x00, 0x00, 0x00, 0x00, 0x00, 0x00, 0x00, 0x00, 0x00, 0x00, 0x00, 0x00, 0x00,
  0x00, 0x00, 0x00, 0x33, 0xB2, 0xB2, 0xB2, 0xB2, 0xB2, 0xB2, 0x74, 0x00, 0x40, 0xB2, 0xB2, 0xB2,
  0xB2, 0xB2, 0xB2, 0x79, 0x00, 0x00, 0x00, 0x00, 0x00, 0x00, 0x00, 0x00, 0x00, 0x00, 0x00, 0x00,
  0x00, 0x00, 0x00, 0x00, 0x00, 0x00, 0x00, 0x00, 0x49, 0xB2, 0xB2, 0xB2, 0xB2, 0xB2, 0xB2, 0x5D,
  0x00, 0x29, 0xB2, 0xB2, 0xB2, 0xB2, 0xB2, 0xB2, 0x93, 0x00, 0x00, 0x00, 0x00, 0x00, 0x00, 0x00,
  0x00, 0x00, 0x00, 0x00, 0x00, 0x00, 0x00, 0x00, 0x00, 0x00, 0x00, 0x00, 0x00, 0x62, 0xB2, 0xB2,
  0xB2, 0xB2, 0xB2, 0xB2, 0x41, 0x00, 0x0D, 0xB2, 0xB2, 0xB2, 0xB2, 0xB2, 0xB2, 0xAC, 0x02, 0x00,
  0x00, 0x00, 0x00, 0x00, 0x00, 0x00, 0x00, 0x00, 0x00, 0x00, 0x00, 0x00, 0x00, 0x00, 0x00, 0x00,
  0x00, 0x00, 0x80, 0xB2, 0xB2, 0xB2, 0xB2, 0xB2, 0xB2, 0x1E, 0x00, 0x00, 0x9E, 0xB2, 0xB2, 0xB2,
  0xB2, 0xB2, 0xB2, 0x20, 0x00, 0x00, 0x00, 0x00, 0x00, 0x00, 0x00, 0x00, 0x00, 0x00, 0x00, 0x00,
  0x00, 0x00, 0x00, 0x00, 0x00, 0x00, 0x00, 0xA3, 0xB2, 0xB2, 0xB2, 0xB2, 0xB2, 0xAC, 0x02, 0x00,
  0x00, 0x7A, 0xB2, 0xB2, 0xB2, 0xB2, 0xB2, 0xB2, 0x49, 0x00, 0x00, 0x00, 0x00, 0x00, 0x00, 0x00,
  0x00, 0x00, 0x00, 0x00, 0x00, 0x00, 0x00, 0x00, 0x00, 0x00, 0x00, 0x19, 0xB2, 0xB2, 0xB2, 0xB2,
  0xB2, 0xB2, 0x83, 0x00, 0x00, 0x00, 0x4E, 0xB2, 0xB2, 0xB2, 0xB2, 0xB2, 0xB2, 0x79, 0x00, 0x00,
  0x00, 0x00, 0x00, 0x00, 0x00, 0x00, 0x00, 0x00, 0x00, 0x00, 0x00, 0x00, 0x00, 0x00, 0x00, 0x00,
  0x47, 0xB2, 0xB2, 0xB2, 0xB2, 0xB2, 0xB2, 0x52, 0x00, 0x00, 0x00, 0x1E, 0xB2, 0xB2, 0xB2, 0xB2,
  0xB2, 0xB2, 0xAA, 0x07, 0x00, 0x00, 0x00, 0x00, 0x00, 0x00, 0x00, 0x00, 0x00, 0x00, 0x00, 0x00,
  0x00, 0x00, 0x00, 0x00, 0x00, 0x80, 0xB2, 0xB2, 0xB2, 0xB2, 0xB2, 0xB2, 0x1E, 0x00, 0x00, 0x00,
  0x00, 0x9B, 0xB2, 0xB2, 0xB2, 0xB2, 0xB2, 0xB2, 0x3F, 0x00, 0x00, 0x00, 0x00, 0x00, 0x00, 0x00,
  0x00, 0x00, 0x00, 0x00, 0x00, 0x00, 0x00, 0x00, 0x00, 0x10, 0xAF, 0xB2, 0xB2, 0xB2, 0xB2, 0xB2,
  0x92, 0x00, 0x00, 0x00, 0x00, 0x00, 0x5C, 0xB2, 0xB2, 0xB2, 0xB2, 0xB2, 0xB2, 0x8E, 0x00, 0x00,
  0x00, 0x00, 0x00, 0x00, 0x00, 0x00, 0x00, 0x00, 0x00, 0x00, 0x00, 0x00, 0x00, 0x00, 0x5A, 0xB2,
  0xB2, 0xB2, 0xB2, 0xB2, 0xB2, 0x51, 0x00, 0x00, 0x00, 0x00, 0x00, 0x19, 0xB1, 0xB2, 0xB2, 0xB2,
  0xB2, 0xB2, 0xB2, 0x3A, 0x00, 0x00, 0x00, 0x00, 0x00, 0x00, 0x00, 0x00, 0x00, 0x00, 0x00, 0x00,
  0x00, 0x00, 0x0E, 0xA8, 0xB2, 0xB2, 0xB2, 0xB2, 0xB2, 0xA9, 0x0B, 0x00, 0x00, 0x00, 0x00, 0x00,
  0x00, 0x79, 0xB2, 0xB2, 0xB2, 0xB2, 0xB2, 0xB2, 0x9E, 0x0C, 0x00, 0x00, 0x00, 0x00, 0x00, 0x00,
  0x00, 0x00, 0x00, 0x00, 0x00, 0x00, 0x00, 0x74, 0xB2, 0xB2, 0xB2, 0xB2, 0xB2, 0xB2, 0x61, 0x00,
  0x00, 0x00, 0x00, 0x00, 0x00, 0x00, 0x23, 0xB1, 0xB2, 0xB2, 0xB2, 0xB2, 0xB2, 0xB2, 0x82, 0x04,
  0x00, 0x00, 0x00, 0x00, 0x00, 0x00, 0x00, 0x00, 0x00, 0x00, 0x00, 0x4E, 0xB2, 0xB2, 0xB2, 0xB2,
  0xB2, 0xB2, 0xA5, 0x0C, 0x00, 0x00, 0x00, 0x00, 0x00, 0x00, 0x00, 0x00, 0x6D, 0xB2, 0xB2, 0xB2,
  0xB2, 0xB2, 0xB2, 0xB2, 0x85, 0x0F, 0x00, 0x00, 0x00, 0x00, 0x00, 0x00, 0x00, 0x00, 0x00, 0x57,
  0xB1, 0xB2, 0xB2, 0xB2, 0xB2, 0xB2, 0xB2, 0x46, 0x00, 0x00, 0x00, 0x00, 0x00, 0x00, 0x00, 0x00,
  0x00, 0x0C, 0x9E, 0xB2, 0xB2, 0xB2, 0xB2, 0xB2, 0xB2, 0xB2, 0xA6, 0x55, 0x12, 0x00, 0x00, 0x00,
  0x00, 0x04, 0x38, 0x8E, 0xB2, 0xB2, 0xB2, 0xB2, 0xB2, 0xB2, 0xB2, 0x7A, 0x00, 0x00, 0x00, 0x00,
  0x00, 0x00, 0x00, 0x00, 0x00, 0x00, 0x00, 0x2A, 0xAF, 0xB2, 0xB2, 0xB2, 0xB2, 0xB2, 0xB2, 0xB2,
  0xB2, 0xB2, 0x9B, 0x85, 0x80, 0x8E, 0xAC, 0xB2, 0xB2, 0xB2, 0xB2, 0xB2, 0xB2, 0xB2, 0xB2, 0x96,
  0x0B, 0x00, 0x00, 0x00, 0x00, 0x00, 0x00, 0x00, 0x00, 0x00, 0x00, 0x00, 0x00, 0x3C, 0xB1, 0xB2,
  0xB2, 0xB2, 0xB2, 0xB2, 0xB2, 0xB2, 0xB2, 0xB2, 0xB2, 0xB2, 0xB2, 0xB2, 0xB2, 0xB2, 0xB2, 0xB2,
  0xB2, 0xB2, 0xB2, 0x9B, 0x12, 0x00, 0x00, 0x00, 0x00, 0x00, 0x00, 0x00, 0x00, 0x00, 0x00, 0x00,
  0x00, 0x00, 0x00, 0x3A, 0xAB, 0xB2, 0xB2, 0xB2, 0xB2, 0xB2, 0xB2, 0xB2, 0xB2, 0xB2, 0xB2, 0xB2,
  0xB2, 0xB2, 0xB2, 0xB2, 0xB2, 0xB2, 0xB2, 0x8A, 0x10, 0x00, 0x00, 0x00, 0x00, 0x00, 0x00, 0x00,
  0x00, 0x00, 0x00, 0x00, 0x00, 0x00, 0x00, 0x00, 0x00, 0x20, 0x8E, 0xB2, 0xB2, 0xB2, 0xB2, 0xB2,
  0xB2, 0xB2, 0xB2, 0xB2, 0xB2, 0xB2, 0xB2, 0xB2, 0xB2, 0xB2, 0xAE, 0x5B, 0x04, 0x00, 0x00, 0x00,
  0x00, 0x00, 0x00, 0x00, 0x00, 0x00, 0x00, 0x00, 0x00, 0x00, 0x00, 0x00, 0x00, 0x00, 0x00, 0x02,
  0x45, 0x96, 0xB2, 0xB2, 0xB2, 0xB2, 0xB2, 0xB2, 0xB2, 0xB2, 0xB2, 0xB2, 0xB2, 0xAC, 0x6B, 0x19,
  0x00, 0x00, 0x00, 0x00, 0x00, 0x00, 0x00, 0x00, 0x00, 0x00, 0x00, 0x00, 0x00, 0x00, 0x00, 0x00,
  0x00, 0x00, 0x00, 0x00, 0x00, 0x00, 0x00, 0x25, 0x5A, 0x7F, 0x9B, 0xA8, 0xB0, 0xAA, 0xA0, 0x87,
  0x69, 0x3A, 0x08, 0x00, 0x00, 0x00, 0x00, 0x00, 0x00, 0x00, 0x00, 0x00, 0x00, 0x00, 0x00, 0x00,
  0x00, 0x00, 0x00, 0x00, 0x00, 0x00, 0x00, 0x00, 0x00, 0x00, 0x00, 0x00, 0x00, 0x00, 0x00, 0x00,
  0x41, 0xAD, 0xB2, 0x9A, 0x00, 0x00, 0x00, 0x00, 0x00, 0x00, 0x00, 0x00, 0x00, 0x00, 0x00, 0x00,
  0x00, 0x00, 0x05, 0x66, 0xB2, 0xB2, 0xB2, 0x9A, 0x00, 0x00, 0x00, 0x00, 0x00, 0x00, 0x00, 0x00,
  0x00, 0x00, 0x00, 0x00, 0x00, 0x23, 0x93, 0xB2, 0xB2, 0xB2, 0xB2, 0x9A, 0x00, 0x00, 0x00, 0x00,
  0x00, 0x00, 0x00, 0x00, 0x00, 0x00, 0x00, 0x08, 0x62, 0xB0, 0xB2, 0xB2, 0xB2, 0xB2, 0xB2, 0x9A,
  0x00, 0x00, 0x00, 0x00, 0x00, 0x00, 0x00, 0x00, 0x00, 0x00, 0x43, 0xA1, 0xB2, 0xB2, 0xB2, 0xB2,
  0xB2, 0xB2, 0xB2, 0x9A, 0x00, 0x00, 0x00, 0x00, 0x00, 0x00, 0x00, 0x00, 0x35, 0x90, 0xB2, 0xB2,
  0xB2, 0xB2, 0xB2, 0xB2, 0xB2, 0xB2, 0xB2, 0x9A, 0x00, 0x00, 0x00, 0x00, 0x00, 0x01, 0x37, 0x8C,
  0xB2, 0xB2, 0xB2, 0xB2, 0xB2, 0xB2, 0xB2, 0xB2, 0xB2, 0xB2, 0xB2, 0x9A, 0x00, 0x00, 0x00, 0x0B,
  0x4C, 0x97, 0xB2, 0xB2, 0xB2, 0xB2, 0xB2, 0xB2, 0xB2, 0xB2, 0xB2, 0xB2, 0xB2, 0xB2, 0xB2, 0x9A,
  0x08, 0x3C, 0x76, 0xAC, 0xB2, 0xB2, 0xB2, 0xB2, 0xB2, 0xB2, 0xB2, 0xB2, 0xB2, 0xB2, 0xB2, 0xB2,
  0xB2, 0xB2, 0xB2, 0x9A, 0x62, 0xB2, 0xB2, 0xB2, 0xB2, 0xB2, 0xB2, 0xB2, 0xB2, 0xB2, 0xB2, 0xB2,
  0x89, 0xAD, 0xB2, 0xB2, 0xB2, 0xB2, 0xB2, 0x9A, 0x62, 0xB2, 0xB2, 0xB2, 0xB2, 0xB2, 0xB2, 0xB2,
  0xB2, 0xB2, 0xB2, 0x69, 0x05, 0xAA, 0xB2, 0xB2, 0xB2, 0xB2, 0xB2, 0x9A, 0x62, 0xB2, 0xB2, 0xB2,
  0xB2, 0xB2, 0xB2, 0xB2, 0xB2, 0x98, 0x2F, 0x00, 0x00, 0xAA, 0xB2, 0xB2, 0xB2, 0xB2, 0xB2, 0x9A,
  0x62, 0xB2, 0xB2, 0xB2, 0xB2, 0xB2, 0xB2, 0xA5, 0x4F, 0x04, 0x00, 0x00, 0x00, 0xAA, 0xB2, 0xB2,
  0xB2, 0xB2, 0xB2, 0x9A, 0x62, 0xB2, 0xB2, 0xB2, 0xB2, 0xA4, 0x55, 0x09, 0x00, 0x00, 0x00, 0x00,
  0x00, 0xAA, 0xB2, 0xB2, 0xB2, 0xB2, 0xB2, 0x9A, 0x62, 0xB2, 0xB2, 0x8C, 0x44, 0x05, 0x00, 0x00,
  0x00, 0x00, 0x00, 0x00, 0x00, 0xAA, 0xB2, 0xB2, 0xB2, 0xB2, 0xB2, 0x9A, 0x41, 0x51, 0x19, 0x00,
  0x00, 0x00, 0x00, 0x00, 0x00, 0x00, 0x00, 0x00, 0x00, 0xAA, 0xB2, 0xB2, 0xB2, 0xB2, 0xB2, 0x9A,
  0x00, 0x00, 0x00, 0x00, 0x00, 0x00, 0x00, 0x00, 0x00, 0x00, 0x00, 0x00, 0x00, 0xAA, 0xB2, 0xB2,
  0xB2, 0xB2, 0xB2, 0x9A, 0x00, 0x00, 0x00, 0x00, 0x00, 0x00, 0x00, 0x00, 0x00, 0x00, 0x00, 0x00,
  0x00, 0xAA, 0xB2, 0xB2, 0xB2, 0xB2, 0xB2, 0x9A, 0x00, 0x00, 0x00, 0x00, 0x00, 0x00, 0x00, 0x00,
  0x00, 0x00, 0x00, 0x00, 0x00, 0xAA, 0xB2, 0xB2, 0xB2, 0xB2, 0xB2, 0x9A, 0x00, 0x00, 0x00, 0x00,
  0x00, 0x00, 0x00, 0x00, 0x00, 0x00, 0x00, 0x00, 0x00, 0xAA, 0xB2, 0xB2, 0xB2, 0xB2, 0xB2, 0x9A,
  0x00, 0x00, 0x00, 0x00, 0x00, 0x00, 0x00, 0x00, 0x00, 0x00, 0x00, 0x00, 0x00, 0xAA, 0xB2, 0xB2,
  0xB2, 0xB2, 0xB2, 0x9A, 0x00, 0x00, 0x00, 0x00, 0x00, 0x00, 0x00, 0x00, 0x00, 0x00, 0x00, 0x00,
  0x00, 0xAA, 0xB2, 0xB2, 0xB2, 0xB2, 0xB2, 0x9A, 0x00, 0x00, 0x00, 0x00, 0x00, 0x00, 0x00, 0x00,
  0x00, 0x00, 0x00, 0x00, 0x00, 0xAA, 0xB2, 0xB2, 0xB2, 0xB2, 0xB2, 0x9A, 0x00, 0x00, 0x00, 0x00,
  0x00, 0x00, 0x00, 0x00, 0x00, 0x00, 0x00, 0x00, 0x00, 0xAA, 0xB2, 0xB2, 0xB2, 0xB2, 0xB2, 0x9A,
  0x00, 0x00, 0x00, 0x00, 0x00, 0x00, 0x00, 0x00, 0x00, 0x00, 0x00, 0x00, 0x00, 0xAA, 0xB2, 0xB2,
  0xB2, 0xB2, 0xB2, 0x9A, 0x00, 0x00, 0x00, 0x00, 0x00, 0x00, 0x00, 0x00, 0x00, 0x00, 0x00, 0x00,
  0x00, 0xAA, 0xB2, 0xB2, 0xB2, 0xB2, 0xB2, 0x9A, 0x00, 0x00, 0x00, 0x00, 0x00, 0x00, 0x00, 0x00,
  0x00, 0x00, 0x00, 0x00, 0x00, 0xAA, 0xB2, 0xB2, 0xB2, 0xB2, 0xB2, 0x9A, 0x00, 0x00, 0x00, 0x00,
  0x00, 0x00, 0x00, 0x00, 0x00, 0x00, 0x00, 0x00, 0x00, 0xAA, 0xB2, 0xB2, 0xB2, 0xB2, 0xB2, 0x9A,
  0x00, 0x00, 0x00, 0x00, 0x00, 0x00, 0x00, 0x00, 0x00, 0x00, 0x00, 0x00, 0x00, 0xAA, 0xB2, 0xB2,
  0xB2, 0xB2, 0xB2, 0x9A, 0x00, 0x00, 0x00, 0x00, 0x00, 0x00, 0x00, 0x00, 0x00, 0x00, 0x00, 0x00,
  0x00, 0xAA, 0xB2, 0xB2, 0xB2, 0xB2, 0xB2, 0x9A, 0x00, 0x00, 0x00, 0x00, 0x00, 0x00, 0x00, 0x00,
  0x00, 0x00, 0x00, 0x00, 0x00, 0xAA, 0xB2, 0xB2, 0xB2, 0xB2, 0xB2, 0x9A, 0x00, 0x00, 0x00, 0x00,
  0x00, 0x00, 0x00, 0x00, 0x00, 0x00, 0x00, 0x00, 0x00, 0xAA, 0xB2, 0xB2, 0xB2, 0xB2, 0xB2, 0x9A,
  0x00, 0x00, 0x00, 0x00, 0x00, 0x00, 0x00, 0x00, 0x00, 0x00, 0x00, 0x00, 0x00, 0xAA, 0xB2, 0xB2,
  0xB2, 0xB2, 0xB2, 0x9A, 0x00, 0x00, 0x00, 0x00, 0x00, 0x00, 0x00, 0x00, 0x00, 0x00, 0x00, 0x00,
  0x00, 0xAA, 0xB2, 0xB2, 0xB2, 0xB2, 0xB2, 0x9A, 0x00, 0x00, 0x00, 0x00, 0x00, 0x00, 0x00, 0x00,
  0x00, 0x00, 0x00, 0x00, 0x00, 0xAA, 0xB2, 0xB2, 0xB2, 0xB2, 0xB2, 0x9A, 0x00, 0x00, 0x00, 0x00,
  0x00, 0x00, 0x00, 0x00, 0x00, 0x00, 0x00, 0x00, 0x00, 0xAA, 0xB2, 0xB2, 0xB2, 0xB2, 0xB2, 0x9A,
  0x00, 0x00, 0x00, 0x00, 0x00, 0x00, 0x00, 0x00, 0x00, 0x00, 0x00, 0x00, 0x00, 0xAA, 0xB2, 0xB2,
  0xB2, 0xB2, 0xB2, 0x9A, 0x00, 0x00, 0x00, 0x00, 0x00, 0x00, 0x00, 0x00, 0x00, 0x00, 0x00, 0x00,
  0x00, 0xAA, 0xB2, 0xB2, 0xB2, 0xB2, 0xB2, 0x9A, 0x00, 0x00, 0x00, 0x00, 0x00, 0x00, 0x00, 0x00,
  0x00, 0x00, 0x00, 0x00, 0x00, 0xAA, 0xB2, 0xB2, 0xB2, 0xB2, 0xB2, 0x9A, 0x00, 0x00, 0x00, 0x00,
  0x00, 0x00, 0x00, 0x00, 0x00, 0x00, 0x00, 0x00, 0x00, 0xAA, 0xB2, 0xB2, 0xB2, 0xB2, 0xB2, 0x9A,
  0x00, 0x00, 0x00, 0x00, 0x00, 0x00, 0x00, 0x00, 0x00, 0x00, 0x00, 0x00, 0x00, 0xAA, 0xB2, 0xB2,
  0xB2, 0xB2, 0xB2, 0x9A, 0x00, 0x00, 0x00, 0x00, 0x00, 0x00, 0x00, 0x00, 0x00, 0x00, 0x00, 0x00,
  0x00, 0xAA, 0xB2, 0xB2, 0xB2, 0xB2, 0xB2, 0x9A, 0x00, 0x00, 0x00, 0x00, 0x00, 0x00, 0x00, 0x00,
  0x00, 0x00, 0x00, 0x00, 0x00, 0xAA, 0xB2, 0xB2, 0xB2, 0xB2, 0xB2, 0x9A, 0x00, 0x00, 0x00, 0x00,
  0x00, 0x00, 0x00, 0x00, 0x00, 0x00, 0x00, 0x00, 0x00, 0xAA, 0xB2, 0xB2, 0xB2, 0xB2, 0xB2, 0x9A,
  0x00, 0x00, 0x00, 0x00, 0x00, 0x00, 0x00, 0x00, 0x00, 0x00, 0x00, 0x00, 0x00, 0xAA, 0xB2, 0xB2,
  0xB2, 0xB2, 0xB2, 0x9A, 0x00, 0x00, 0x00, 0x00, 0x00, 0x00, 0x00, 0x00, 0x00, 0x00, 0x00, 0x00,
  0x00, 0xAA, 0xB2, 0xB2, 0xB2, 0xB2, 0xB2, 0x9A, 0x00, 0x00, 0x00, 0x00, 0x00, 0x00, 0x00, 0x00,
  0x00, 0x00, 0x00, 0x00, 0x00, 0xAA, 0xB2, 0xB2, 0xB2, 0xB2, 0xB2, 0x9A, 0x00, 0x00, 0x00, 0x00,
  0x00, 0x00, 0x00, 0x00, 0x00, 0x00, 0x00, 0x00, 0x00, 0xAA, 0xB2, 0xB2, 0xB2, 0xB2, 0xB2, 0x9A,
  0x00, 0x00, 0x00, 0x00, 0x00, 0x00, 0x00, 0x00, 0x00, 0x00, 0x00, 0x00, 0x00, 0xAA, 0xB2, 0xB2,
  0xB2, 0xB2, 0xB2, 0x9A, 0x00, 0x00, 0x00, 0x00, 0x00, 0x00, 0x00, 0x00, 0x00, 0x00, 0x00, 0x00,
  0x00, 0xAA, 0xB2, 0xB2, 0xB2, 0xB2, 0xB2, 0x9A, 0x00, 0x00, 0x00, 0x00, 0x00, 0x00, 0x00, 0x00,
  0x00, 0x00, 0x00, 0x00, 0x00, 0xAA, 0xB2, 0xB2, 0xB2, 0xB2, 0xB2, 0x9A, 0x00, 0x00, 0x00, 0x00,
  0x00, 0x00, 0x00, 0x00, 0x00, 0x00, 0x00, 0x00, 0x00, 0xAA, 0xB2, 0xB2, 0xB2, 0xB2, 0xB2, 0x9A,
  0x00, 0x00, 0x00, 0x00, 0x00, 0x00, 0x00, 0x00, 0x00, 0x00, 0x00, 0x00, 0x00, 0xAA, 0xB2, 0xB2,
  0xB2, 0xB2, 0xB2, 0x9A, 0x00, 0x00, 0x00, 0x00, 0x00, 0x00, 0x00, 0x00, 0x00, 0x00, 0x00, 0x00,
  0x00, 0xAA, 0xB2, 0xB2, 0xB2, 0xB2, 0xB2, 0x9A, 0x00, 0x00, 0x00, 0x00, 0x00, 0x00, 0x00, 0x00,
  0x00, 0x00, 0x00, 0x00, 0x00, 0xAA, 0xB2, 0xB2, 0xB2, 0xB2, 0xB2, 0x9A, 0x00, 0x00, 0x00, 0x00,
  0x00, 0x00, 0x00, 0x00, 0x00, 0x01, 0x27, 0x54, 0x78, 0x90, 0xA3, 0xAB, 0xAF, 0xA5, 0x98, 0x8C,
  0x6F, 0x45, 0x1B, 0x00, 0x00, 0x00, 0x00, 0x00, 0x00, 0x00, 0x00, 0x00, 0x00, 0x00, 0x00, 0x00,
  0x00, 0x00, 0x00, 0x00, 0x00, 0x00, 0x0E, 0x5B, 0x9E, 0xB2, 0xB2, 0xB2, 0xB2, 0xB2, 0xB2, 0xB2,
  0xB2, 0xB2, 0xB2, 0xB2, 0xB2, 0xB2, 0x94, 0x46, 0x05, 0x00, 0x00, 0x00, 0x00, 0x00, 0x00, 0x00,
  0x00, 0x00, 0x00, 0x00, 0x00, 0x00, 0x00, 0x04, 0x58, 0xAA, 0xB2, 0xB2, 0xB2, 0xB2, 0xB2, 0xB2,
  0xB2, 0xB2, 0xB2, 0xB2, 0xB2, 0xB2, 0xB2, 0xB2, 0xB2, 0xB2, 0xB2, 0xA3, 0x3D, 0x00, 0x00, 0x00,
  0x00, 0x00, 0x00, 0x00, 0x00, 0x00, 0x00, 0x00, 0x00, 0x1E, 0x95, 0xB2, 0xB2, 0xB2, 0xB2, 0xB2,
  0xB2, 0xB2, 0xB2, 0xB2, 0xB2, 0xB2, 0xB2, 0xB2, 0xB2, 0xB2, 0xB2, 0xB2, 0xB2, 0xB2, 0xB2, 0xB2,
  0x72, 0x09, 0x00, 0x00, 0x00, 0x00, 0x00, 0x00, 0x00, 0x00, 0x00, 0x38, 0xAA, 0xB2, 0xB2, 0xB2,
  0xB2, 0xB2, 0xB2, 0xB2, 0xB2, 0xB2, 0xB2, 0xB2, 0xB2, 0xB2, 0xB2, 0xB2, 0xB2, 0xB2, 0xB2, 0xB2,
  0xB2, 0xB2, 0xB2, 0xB2, 0x90, 0x0E, 0x00, 0x00, 0x00, 0x00, 0x00, 0x00, 0x00, 0x3A, 0xB0, 0xB2,
  0xB2, 0xB2, 0xB2, 0xB2, 0xB2, 0xB2, 0xB2, 0xB2, 0xAA, 0x96, 0x8C, 0x93, 0x9F, 0xB1, 0xB2, 0xB2,
  0xB2, 0xB2, 0xB2, 0xB2, 0xB2, 0xB2, 0xB2, 0xB2, 0x8B, 0x04, 0x00, 0x00, 0x00, 0x00, 0x00, 0x00,
  0x6A, 0xB2, 0xB2, 0xB2, 0xB2, 0xB2, 0xB2, 0xB2, 0x8A, 0x4F, 0x1C, 0x01, 0x00, 0x00, 0x00, 0x00,
  0x0B, 0x33, 0x72, 0xAF, 0xB2, 0xB2, 0xB2, 0xB2, 0xB2, 0xB2, 0xB2, 0xB2, 0x62, 0x00, 0x00, 0x00,
  0x00, 0x00, 0x00, 0x6A, 0xB2, 0xB2, 0xB2, 0xB2, 0xB2, 0x7B, 0x24, 0x00, 0x00, 0x00, 0x00, 0x00,
  0x00, 0x00, 0x00, 0x00, 0x00, 0x00, 0x14, 0x84, 0xB2, 0xB2, 0xB2, 0xB2, 0xB2, 0xB2, 0xB2, 0xB0,
  0x1E, 0x00, 0x00, 0x00, 0x00, 0x00, 0x6A, 0xB2, 0xB2, 0xB2, 0x98, 0x2C, 0x00, 0x00, 0x00, 0x00,
  0x00, 0x00, 0x00, 0x00, 0x00, 0x00, 0x00, 0x00, 0x00, 0x00, 0x01, 0x68, 0xB2, 0xB2, 0xB2, 0xB2,
  0xB2, 0xB2, 0xB2, 0x73, 0x00, 0x00, 0x00, 0x00, 0x00, 0x6A, 0xB2, 0xB2, 0x6C, 0x07, 0x00, 0x00,
  0x00, 0x00, 0x00, 0x00, 0x00, 0x00, 0x00, 0x00, 0x00, 0x00, 0x00, 0x00, 0x00, 0x00, 0x01, 0x7C,
  0xB2, 0xB2, 0xB2, 0xB2, 0xB2, 0xB2, 0xAC, 0x09, 0x00, 0x00, 0x00, 0x00, 0x6A, 0xB0, 0x4C, 0x00,
  0x00, 0x00, 0x00, 0x00, 0x00, 0x00, 0x00, 0x00, 0x00, 0x00, 0x00, 0x00, 0x00, 0x00, 0x00, 0x00,
  0x00, 0x00, 0x15, 0xAD, 0xB2, 0xB2, 0xB2, 0xB2, 0xB2, 0xB2, 0x38, 0x00, 0x00, 0x00, 0x00, 0x66,
  0x3C, 0x00, 0x00, 0x00, 0x00, 0x00, 0x00, 0x00, 0x00, 0x00, 0x00, 0x00, 0x00, 0x00, 0x00, 0x00,
  0x00, 0x00, 0x00, 0x00, 0x00, 0x00, 0x70, 0xB2, 0xB2, 0xB2, 0xB2, 0xB2, 0xB2, 0x5F, 0x00, 0x00,
  0x00, 0x00, 0x0E, 0x00, 0x00, 0x00, 0x00, 0x00, 0x00, 0x00, 0x00, 0x00, 0x00, 0x00, 0x00, 0x00,
  0x00, 0x00, 0x00, 0x00, 0x00, 0x00, 0x00, 0x00, 0x00, 0x3C, 0xB2, 0xB2, 0xB2, 0xB2, 0xB2, 0xB2,
  0x79, 0x00, 0x00, 0x00, 0x00, 0x00, 0x00, 0x00, 0x00, 0x00, 0x00, 0x00, 0x00, 0x00, 0x00, 0x00,
  0x00, 0x00, 0x00, 0x00, 0x00, 0x00, 0x00, 0x00, 0x00, 0x00, 0x00, 0x00, 0x1A, 0xB2, 0xB2, 0xB2,
  0xB2, 0xB2, 0xB2, 0x88, 0x00, 0x00, 0x00, 0x00, 0x00, 0x00, 0x00, 0x00, 0x00, 0x00, 0x00, 0x00,
  0x00, 0x00, 0x00, 0x00, 0x00, 0x00, 0x00, 0x00, 0x00, 0x00, 0x00, 0x00, 0x00, 0x00, 0x00, 0x0B,
  0xB2, 0xB2, 0xB2, 0xB2, 0xB2, 0xB2, 0x8E, 0x00, 0x00, 0x00, 0x00, 0x00, 0x00, 0x00, 0x00, 0x00,
  0x00, 0x00, 0x00, 0x00, 0x00, 0x00, 0x00, 0x00, 0x00, 0x00, 0x00, 0x00, 0x00, 0x00, 0x00, 0x00,
  0x00, 0x00, 0x07, 0xB2, 0xB2, 0xB2, 0xB2, 0xB2, 0xB2, 0x87, 0x00, 0x00, 0x00, 0x00, 0x00, 0x00,
  0x00, 0x00, 0x00, 0x00, 0x00, 0x00, 0x00, 0x00, 0x00, 0x00, 0x00, 0x00, 0x00, 0x00, 0x00, 0x00,
  0x00, 0x00, 0x00, 0x00, 0x00, 0x15, 0xB2, 0xB2, 0xB2, 0xB2, 0xB2, 0xB2, 0x7B, 0x00, 0x00, 0x00,
  0x00, 0x00, 0x00, 0x00, 0x00, 0x00, 0x00, 0x00, 0x00, 0x00, 0x00, 0x00, 0x00, 0x00, 0x00, 0x00,
  0x00, 0x00, 0x00, 0x00, 0x00, 0x00, 0x00, 0x00, 0x2A, 0xB2, 0xB2, 0xB2, 0xB2, 0xB2, 0xB2, 0x6D,
  0x00, 0x00, 0x00, 0x00, 0x00, 0x00, 0x00, 0x00, 0x00, 0x00, 0x00, 0x00, 0x00, 0x00, 0x00, 0x00,
  0x00, 0x00, 0x00, 0x00, 0x00, 0x00, 0x00, 0x00, 0x00, 0x00, 0x00, 0x52, 0xB2, 0xB2, 0xB2, 0xB2,
  0xB2, 0xB2, 0x4D, 0x00, 0x00, 0x00, 0x00, 0x00, 0x00, 0x00, 0x00, 0x00, 0x00, 0x00, 0x00, 0x00,
  0x00, 0x00, 0x00, 0x00, 0x00, 0x00, 0x00, 0x00, 0x00, 0x00, 0x00, 0x00, 0x00, 0x00, 0x85, 0xB2,
  0xB2, 0xB2, 0xB2, 0xB2, 0xB2, 0x2A, 0x00, 0x00, 0x00, 0x00, 0x00, 0x00, 0x00, 0x00, 0x00, 0x00,
  0x00, 0x00, 0x00, 0x00, 0x00, 0x00, 0x00, 0x00, 0x00, 0x00, 0x00, 0x00, 0x00, 0x00, 0x00, 0x00,
  0x19, 0xB1, 0xB2, 0xB2, 0xB2, 0xB2, 0xB2, 0xAA, 0x06, 0x00, 0x00, 0x00, 0x00, 0x00, 0x00, 0x00,
  0x00, 0x00, 0x00, 0x00, 0x00, 0x00, 0x00, 0x00, 0x00, 0x00, 0x00, 0x00, 0x00, 0x00, 0x00, 0x00,
  0x00, 0x00, 0x00, 0x70, 0xB2, 0xB2, 0xB2, 0xB2, 0xB2, 0xB2, 0x72, 0x00, 0x00, 0x00, 0x00, 0x00,
  0x00, 0x00, 0x00, 0x00, 0x00, 0x00, 0x00, 0x00, 0x00, 0x00, 0x00, 0x00, 0x00, 0x00, 0x00, 0x00,
  0x00, 0x00, 0x00, 0x00, 0x00, 0x27, 0xB1, 0xB2, 0xB2, 0xB2, 0xB2, 0xB2, 0xB2, 0x31, 0x00, 0x00,
  0x00, 0x00, 0x00, 0x00, 0x00, 0x00, 0x00, 0x00, 0x00, 0x00, 0x00, 0x00, 0x00, 0x00, 0x00, 0x00,
  0x00, 0x00, 0x00, 0x00, 0x00, 0x00, 0x00, 0x0B, 0x9A, 0xB2, 0xB2, 0xB2, 0xB2, 0xB2, 0xB2, 0x8B,
  0x00, 0x00, 0x00, 0x00, 0x00, 0x00, 0x00, 0x00, 0x00, 0x00, 0x00, 0x00, 0x00, 0x00, 0x00, 0x00,
  0x00, 0x00, 0x00, 0x00, 0x00, 0x00, 0x00, 0x00, 0x00, 0x06, 0x87, 0xB2, 0xB2, 0xB2, 0xB2, 0xB2,
  0xB2, 0xB2, 0x2C, 0x00, 0x00, 0x00, 0x00, 0x00, 0x00, 0x00, 0x00, 0x00, 0x00, 0x00, 0x00, 0x00,
  0x00, 0x00, 0x00, 0x00, 0x00, 0x00, 0x00, 0x00, 0x00, 0x00, 0x00, 0x07, 0x82, 0xB2, 0xB2, 0xB2,
  0xB2, 0xB2, 0xB2, 0xB2, 0x6A, 0x00, 0x00, 0x00, 0x00, 0x00, 0x00, 0x00, 0x00, 0x00, 0x00, 0x00,
  0x00, 0x00, 0x00, 0x00, 0x00, 0x00, 0x00, 0x00, 0x00, 0x00, 0x00, 0x00, 0x00, 0x0D, 0x89, 0xB2,
  0xB2, 0xB2, 0xB2, 0xB2, 0xB2, 0xB2, 0x93, 0x05, 0x00, 0x00, 0x00, 0x00, 0x00, 0x00, 0x00, 0x00,
  0x00, 0x00, 0x00, 0x00, 0x00, 0x00, 0x00, 0x00, 0x00, 0x00, 0x00, 0x00, 0x00, 0x00, 0x00, 0x1C,
  0x98, 0xB2, 0xB2, 0xB2, 0xB2, 0xB2, 0xB2, 0xB2, 0xA0, 0x17, 0x00, 0x00, 0x00, 0x00, 0x00, 0x00,
  0x00, 0x00, 0x00, 0x00, 0x00, 0x00, 0x00, 0x00, 0x00, 0x00, 0x00, 0x00, 0x00, 0x00, 0x00, 0x00,
  0x00, 0x39, 0xA9, 0xB2, 0xB2, 0xB2, 0xB2, 0xB2, 0xB2, 0xB2, 0xA3, 0x1C, 0x00, 0x00, 0x00, 0x00,
  0x00, 0x00, 0x00, 0x00, 0x00, 0x00, 0x00, 0x00, 0x00, 0x00, 0x00, 0x00, 0x00, 0x00, 0x00, 0x00,
  0x00, 0x00, 0x04, 0x65, 0xB2, 0xB2, 0xB2, 0xB2, 0xB2, 0xB2, 0xB2, 0xB2, 0x9F, 0x1F, 0x00, 0x00,
  0x00, 0x00, 0x00, 0x00, 0x00, 0x00, 0x00, 0x00, 0x00, 0x00, 0x00, 0x00, 0x00, 0x00, 0x00, 0x00,
  0x00, 0x00, 0x00, 0x00, 0x1D, 0x92, 0xB2, 0xB2, 0xB2, 0xB2, 0xB2, 0xB2, 0xB2, 0xB2, 0x91, 0x12,
  0x00, 0x00, 0x00, 0x00, 0x00, 0x00, 0x00, 0x00, 0x00, 0x00, 0x00, 0x00, 0x00, 0x00, 0x00, 0x00,
  0x00, 0x00, 0x00, 0x00, 0x00, 0x00, 0x49, 0xAC, 0xB2, 0xB2, 0xB2, 0xB2, 0xB2, 0xB2, 0xB2, 0xB2,
  0x7B, 0x08, 0x00, 0x00, 0x00, 0x00, 0x00, 0x00, 0x00, 0x00, 0x00, 0x00, 0x00, 0x00, 0x00, 0x00,
  0x00, 0x00, 0x00, 0x00, 0x00, 0x00, 0x00, 0x0D, 0x7B, 0xB2, 0xB2, 0xB2, 0xB2, 0xB2, 0xB2, 0xB2,
  0xB2, 0xAD, 0x4D, 0x00, 0x00, 0x00, 0x00, 0x00, 0x00, 0x00, 0x00, 0x00, 0x00, 0x00, 0x00, 0x00,
  0x00, 0x00, 0x00, 0x00, 0x00, 0x00, 0x00, 0x00, 0x00, 0x25, 0x9C, 0xB2, 0xB2, 0xB2, 0xB2, 0xB2,
  0xB2, 0xB2, 0xB2, 0x97, 0x21, 0x00, 0x00, 0x00, 0x00, 0x00, 0x00, 0x00, 0x00, 0x00, 0x00, 0x00,
  0x00, 0x00, 0x00, 0x00, 0x00, 0x00, 0x00, 0x00, 0x00, 0x00, 0x00, 0x46, 0xAD, 0xB2, 0xB2, 0xB2,
  0xB2, 0xB2, 0xB2, 0xB2, 0xB1, 0x67, 0x07, 0x00, 0x00, 0x00, 0x00, 0x00, 0x00, 0x00, 0x00, 0x00,
  0x00, 0x00, 0x00, 0x00, 0x00, 0x00, 0x00, 0x00, 0x00, 0x00, 0x00, 0x00, 0x01, 0x63, 0xB2, 0xB2,
  0xB2, 0xB2, 0xB2, 0xB2, 0xB2, 0xB2, 0xA1, 0x31, 0x00, 0x00, 0x00, 0x00, 0x00, 0x00, 0x00, 0x00,
  0x00, 0x00, 0x00, 0x00, 0x00, 0x00, 0x00, 0x00, 0x00, 0x00, 0x00, 0x00, 0x00, 0x00, 0x04, 0x7B,
  0xB2, 0xB2, 0xB2, 0xB2, 0xB2, 0xB2, 0xB2, 0xB2, 0x7A, 0x0D, 0x00, 0x00, 0x00, 0x00, 0x00, 0x00,
  0x00, 0x00, 0x00, 0x00, 0x00, 0x00, 0x00, 0x00, 0x00, 0x00, 0x00, 0x00, 0x00, 0x00, 0x00, 0x00,
  0x06, 0x81, 0xB2, 0xB2, 0xB2, 0xB2, 0xB2, 0xB2, 0xB2, 0xAC, 0x48, 0x00, 0x00, 0x00, 0x00, 0x00,
  0x00, 0x00, 0x00, 0x00, 0x00, 0x00, 0x00, 0x00, 0x00, 0x00, 0x00, 0x00, 0x00, 0x00, 0x00, 0x00,
  0x00, 0x00, 0x02, 0x7E, 0xB2, 0xB2, 0xB2, 0xB2, 0xB2, 0xB2, 0xB2, 0x96, 0x1E, 0x00, 0x00, 0x00,
  0x00, 0x00, 0x00, 0x00, 0x00, 0x00, 0x00, 0x00, 0x00, 0x00, 0x00, 0x00, 0x00, 0x00, 0x00, 0x00,
  0x00, 0x00, 0x00, 0x00, 0x00, 0x6B, 0xB2, 0xB2, 0xB2, 0xB2, 0xB2, 0xB2, 0xB2, 0x77, 0x08, 0x00,
  0x00, 0x00, 0x00, 0x00, 0x00, 0x00, 0x00, 0x00, 0x00, 0x00, 0x00, 0x00, 0x00, 0x00, 0x00, 0x00,
  0x00, 0x00, 0x00, 0x00, 0x00, 0x00, 0x00, 0x40, 0xB2, 0xB2, 0xB2, 0xB2, 0xB2, 0xB2, 0xB2, 0x5B,
  0x00, 0x00, 0x00, 0x00, 0x00, 0x00, 0x00, 0x00, 0x00, 0x00, 0x00, 0x00, 0x00, 0x00, 0x00, 0x00,
  0x00, 0x00, 0x00, 0x00, 0x00, 0x00, 0x00, 0x00, 0x00, 0x11, 0xA9, 0xB2, 0xB2, 0xB2, 0xB2, 0xB2,
  0xB2, 0x51, 0x00, 0x00, 0x00, 0x00, 0x00, 0x00, 0x00, 0x00, 0x00, 0x00, 0x00, 0x00, 0x00, 0x00,
  0x00, 0x00, 0x00, 0x00, 0x00, 0x00, 0x00, 0x00, 0x00, 0x00, 0x00, 0x00, 0x72, 0xB2, 0xB2, 0xB2,
  0xB2, 0xB2, 0xB2, 0x60, 0x00, 0x00, 0x00, 0x00, 0x00, 0x00, 0x00, 0x00, 0x00, 0x00, 0x00, 0x00,
  0x00, 0x00, 0x00, 0x00, 0x00, 0x00, 0x00, 0x00, 0x00, 0x00, 0x00, 0x00, 0x00, 0x00, 0x19, 0xB1,
  0xB2, 0xB2, 0xB2, 0xB2, 0xB2, 0x8C, 0x02, 0x00, 0x00, 0x00, 0x00, 0x00, 0x00, 0x00, 0x00, 0x00,
  0x00, 0x00, 0x00, 0x00, 0x00, 0x00, 0x00, 0x00, 0x00, 0x00, 0x00, 0x00, 0x00, 0x00, 0x00, 0x00,
  0x00, 0x65, 0xB2, 0xB2, 0xB2, 0xB2, 0xB2, 0xB2, 0x2A, 0x00, 0x00, 0x00, 0x00, 0x00, 0x00, 0x00,
  0x00, 0x00, 0x00, 0x00, 0x00, 0x00, 0x00, 0x00, 0x00, 0x00, 0x00, 0x00, 0x00, 0x00, 0x00, 0x00,
  0x00, 0x00, 0x00, 0x00, 0xA0, 0xB2, 0xB2, 0xB2, 0xB2, 0xB2, 0x9E, 0x00, 0x00, 0x00, 0x00, 0x00,
  0x00, 0x00, 0x00, 0x00, 0x00, 0x00, 0x00, 0x00, 0x00, 0x00, 0x00, 0x00, 0x00, 0x00, 0x00, 0x00,
  0x00, 0x00, 0x00, 0x00, 0x00, 0x00, 0x20, 0xB2, 0xB2, 0xB2, 0xB2, 0xB2, 0xB2, 0x6B, 0x00, 0x00,
  0x00, 0x00, 0x00, 0x00, 0x00, 0x00, 0x00, 0x00, 0x00, 0x00, 0x00, 0x00, 0x00, 0x00, 0x00, 0x00,
  0x00, 0x00, 0x00, 0x00, 0x00, 0x00, 0x00, 0x00, 0x00, 0x46, 0xB2, 0xB2, 0xB2, 0xB2, 0xB2, 0xB2,
  0x56, 0x00, 0x00, 0x00, 0x00, 0x00, 0x00, 0x00, 0x00, 0x00, 0x00, 0x00, 0x00, 0x00, 0x00, 0x00,
  0x00, 0x00, 0x00, 0x00, 0x00, 0x00, 0x00, 0x00, 0x00, 0x00, 0x00, 0x00, 0x63, 0xB2, 0xB2, 0xB2,
  0xB2, 0xB2, 0xB2, 0x54, 0x16, 0x16, 0x16, 0x16, 0x16, 0x16, 0x16, 0x16, 0x16, 0x16, 0x16, 0x16,
  0x16, 0x16, 0x16, 0x16, 0x16, 0x16, 0x16, 0x16, 0x16, 0x16, 0x16, 0x16, 0x16, 0x16, 0x09, 0x78,
  0xB2, 0xB2, 0xB2, 0xB2, 0xB2, 0xB2, 0xB2, 0xB2, 0xB2, 0xB2, 0xB2, 0xB2, 0xB2, 0xB2, 0xB2, 0xB2,
  0xB2, 0xB2, 0xB2, 0xB2, 0xB2, 0xB2, 0xB2, 0xB2, 0xB2, 0xB2, 0xB2, 0xB2, 0xB2, 0xB2, 0xB2, 0xB2,
  0xB2, 0x4B, 0x86, 0xB2, 0xB2, 0xB2, 0xB2, 0xB2, 0xB2, 0xB2, 0xB2, 0xB2, 0xB2, 0xB2, 0xB2, 0xB2,
  0xB2, 0xB2, 0xB2, 0xB2, 0xB2, 0xB2, 0xB2, 0xB2, 0xB2, 0xB2, 0xB2, 0xB2, 0xB2, 0xB2, 0xB2, 0xB2,
  0xB2, 0xB2, 0xB2, 0xB2, 0x4B, 0x8C, 0xB2, 0xB2, 0xB2, 0xB2, 0xB2, 0xB2, 0xB2, 0xB2, 0xB2, 0xB2,
  0xB2, 0xB2, 0xB2, 0xB2, 0xB2, 0xB2, 0xB2, 0xB2, 0xB2, 0xB2, 0xB2, 0xB2, 0xB2, 0xB2, 0xB2, 0xB2,
  0xB2, 0xB2, 0xB2, 0xB2, 0xB2, 0xB2, 0xB2, 0x4B, 0x90, 0xB2, 0xB2, 0xB2, 0xB2, 0xB2, 0xB2, 0xB2,
  0xB2, 0xB2, 0xB2, 0xB2, 0xB2, 0xB2, 0xB2, 0xB2, 0xB2, 0xB2, 0xB2, 0xB2, 0xB2, 0xB2, 0xB2, 0xB2,
  0xB2, 0xB2, 0xB2, 0xB2, 0xB2, 0xB2, 0xB2, 0xB2, 0xB2, 0xB2, 0x4B, 0x91, 0xB2, 0xB2, 0xB2, 0xB2,
  0xB2, 0xB2, 0xB2, 0xB2, 0xB2, 0xB2, 0xB2, 0xB2, 0xB2, 0xB2, 0xB2, 0xB2, 0xB2, 0xB2, 0xB2, 0xB2,
  0xB2, 0xB2, 0xB2, 0xB2, 0xB2, 0xB2, 0xB2, 0xB2, 0xB2, 0xB2, 0xB2, 0xB2, 0xB2, 0x4B, 0x91, 0xB2,
  0xB2, 0xB2, 0xB2, 0xB2, 0xB2, 0xB2, 0xB2, 0xB2, 0xB2, 0xB2, 0xB2, 0xB2, 0xB2, 0xB2, 0xB2, 0xB2,
  0xB2, 0xB2, 0xB2, 0xB2, 0xB2, 0xB2, 0xB2, 0xB2, 0xB2, 0xB2, 0xB2, 0xB2, 0xB2, 0xB2, 0xB2, 0xB2,
  0x4B, 0x00, 0x00, 0x00, 0x00, 0x00, 0x00, 0x00, 0x01, 0x20, 0x48, 0x6E, 0x8C, 0x98, 0xA5, 0xAF,
  0xA8, 0x9B, 0x8F, 0x72, 0x4A, 0x21, 0x00, 0x00, 0x00, 0x00, 0x00, 0x00, 0x00, 0x00, 0x00, 0x00,
  0x00, 0x00, 0x00, 0x00, 0x00, 0x00, 0x15, 0x5A, 0x9E, 0xB2, 0xB2, 0xB2, 0xB2, 0xB2, 0xB2, 0xB2,
  0xB2, 0xB2, 0xB2, 0xB2, 0xB2, 0xB2, 0x95, 0x49, 0x07, 0x00, 0x00, 0x00, 0x00, 0x00, 0x00, 0x00,
  0x00, 0x00, 0x00, 0x00, 0x11, 0x72, 0xB1, 0xB2, 0xB2, 0xB2, 0xB2, 0xB2, 0xB2, 0xB2, 0xB2, 0xB2,
  0xB2, 0xB2, 0xB2, 0xB2, 0xB2, 0xB2, 0xB2, 0xB2, 0xA2, 0x35, 0x00, 0x00, 0x00, 0x00, 0x00, 0x00,
  0x00, 0x00, 0x00, 0x4D, 0xAA, 0xB2, 0xB2, 0xB2, 0xB2, 0xB2, 0xB2, 0xB2, 0xB2, 0xB2, 0xB2, 0xB2,
  0xB2, 0xB2, 0xB2, 0xB2, 0xB2, 0xB2, 0xB2, 0xB2, 0xB2, 0xB2, 0x6B, 0x04, 0x00, 0x00, 0x00, 0x00,
  0x00, 0x00, 0x00, 0x9A, 0xB2, 0xB2, 0xB2, 0xB2, 0xB2, 0xB2, 0xB2, 0xB2, 0xB2, 0xB2, 0xB2, 0xB2,
  0xB2, 0xB2, 0xB2, 0xB2, 0xB2, 0xB2, 0xB2, 0xB2, 0xB2, 0xB2, 0xB2, 0x7F, 0x03, 0x00, 0x00, 0x00,
  0x00, 0x00, 0x00, 0x9A, 0xB2, 0xB2, 0xB2, 0xB2, 0xB2, 0xB2, 0xB2, 0xAA, 0x93, 0x87, 0x89, 0x94,
  0xA5, 0xB2, 0xB2, 0xB2, 0xB2, 0xB2, 0xB2, 0xB2, 0xB2, 0xB2, 0xB2, 0xB2, 0x6B, 0x00, 0x00, 0x00,
  0x00, 0x00, 0x00, 0x9A, 0xB2, 0xB2, 0xB2, 0xB2, 0x93, 0x51, 0x1F, 0x00, 0x00, 0x00, 0x00, 0x00,
  0x00, 0x15, 0x41, 0x87, 0xB2, 0xB2, 0xB2, 0xB2, 0xB2, 0xB2, 0xB2, 0xB2, 0xB2, 0x35, 0x00, 0x00,
  0x00, 0x00, 0x00, 0x9A, 0xB2, 0xB2, 0x8F, 0x31, 0x00, 0x00, 0x00, 0x00, 0x00, 0x00, 0x00, 0x00,
  0x00, 0x00, 0x00, 0x00, 0x32, 0xA0, 0xB2, 0xB2, 0xB2, 0xB2, 0xB2, 0xB2, 0xB2, 0x95, 0x00, 0x00,
  0x00, 0x00, 0x00, 0x9A, 0xAC, 0x4D, 0x01, 0x00, 0x00, 0x00, 0x00, 0x00, 0x00, 0x00, 0x00, 0x00,
  0x00, 0x00, 0x00, 0x00, 0x00, 0x17, 0xA3, 0xB2, 0xB2, 0xB2, 0xB2, 0xB2, 0xB2, 0xB2, 0x2F, 0x00,
  0x00, 0x00, 0x00, 0x82, 0x1F, 0x00, 0x00, 0x00, 0x00, 0x00, 0x00, 0x00, 0x00, 0x00, 0x00, 0x00,
  0x00, 0x00, 0x00, 0x00, 0x00, 0x00, 0x33, 0xB2, 0xB2, 0xB2, 0xB2, 0xB2, 0xB2, 0xB2, 0x66, 0x00,
  0x00, 0x00, 0x00, 0x06, 0x00, 0x00, 0x00, 0x00, 0x00, 0x00, 0x00, 0x00, 0x00, 0x00, 0x00, 0x00,
  0x00, 0x00, 0x00, 0x00, 0x00, 0x00, 0x00, 0x8A, 0xB2, 0xB2, 0xB2, 0xB2, 0xB2, 0xB2, 0x8E, 0x00,
  0x00, 0x00, 0x00, 0x00, 0x00, 0x00, 0x00, 0x00, 0x00, 0x00, 0x00, 0x00, 0x00, 0x00, 0x00, 0x00,
  0x00, 0x00, 0x00, 0x00, 0x00, 0x00, 0x00, 0x51, 0xB2, 0xB2, 0xB2, 0xB2, 0xB2, 0xB2, 0xA7, 0x00,
  0x00, 0x00, 0x00, 0x00, 0x00, 0x00, 0x00, 0x00, 0x00, 0x00, 0x00, 0x00, 0x00, 0x00, 0x00, 0x00,
  0x00, 0x00, 0x00, 0x00, 0x00, 0x00, 0x00, 0x27, 0xB2, 0xB2, 0xB2, 0xB2, 0xB2, 0xB2, 0xB1, 0x00,
  0x00, 0x00, 0x00, 0x00, 0x00, 0x00, 0x00, 0x00, 0x00, 0x00, 0x00, 0x00, 0x00, 0x00, 0x00, 0x00,
  0x00, 0x00, 0x00, 0x00, 0x00, 0x00, 0x00, 0x16, 0xB2, 0xB2, 0xB2, 0xB2, 0xB2, 0xB2, 0xAD, 0x00,
  0x00, 0x00, 0x00, 0x00, 0x00, 0x00, 0x00, 0x00, 0x00, 0x00, 0x00, 0x00, 0x00, 0x00, 0x00, 0x00,
  0x00, 0x00, 0x00, 0x00, 0x00, 0x00, 0x00, 0x0B, 0xB2, 0xB2, 0xB2, 0xB2, 0xB2, 0xB2, 0xA1, 0x00,
  0x00, 0x00, 0x00, 0x00, 0x00, 0x00, 0x00, 0x00, 0x00, 0x00, 0x00, 0x00, 0x00, 0x00, 0x00, 0x00,
  0x00, 0x00, 0x00, 0x00, 0x00, 0x00, 0x00, 0x19, 0xB2, 0xB2, 0xB2, 0xB2, 0xB2, 0xB2, 0x90, 0x00,
  0x00, 0x00, 0x00, 0x00, 0x00, 0x00, 0x00, 0x00, 0x00, 0x00, 0x00, 0x00, 0x00, 0x00, 0x00, 0x00,
  0x00, 0x00, 0x00, 0x00, 0x00, 0x00, 0x00, 0x2A, 0xB2, 0xB2, 0xB2, 0xB2, 0xB2, 0xB2, 0x6A, 0x00,
  0x00, 0x00, 0x00, 0x00, 0x00, 0x00, 0x00, 0x00, 0x00, 0x00, 0x00, 0x00, 0x00, 0x00, 0x00, 0x00,
  0x00, 0x00, 0x00, 0x00, 0x00, 0x00, 0x00, 0x59, 0xB2, 0xB2, 0xB2, 0xB2, 0xB2, 0xB2, 0x40, 0x00,
  0x00, 0x00, 0x00, 0x00, 0x00, 0x00, 0x00, 0x00, 0x00, 0x00, 0x00, 0x00, 0x00, 0x00, 0x00, 0x00,
  0x00, 0x00, 0x00, 0x00, 0x00, 0x00, 0x00, 0x94, 0xB2, 0xB2, 0xB2, 0xB2, 0xB2, 0xA8, 0x07, 0x00,
  0x00, 0x00, 0x00, 0x00, 0x00, 0x00, 0x00, 0x00, 0x00, 0x00, 0x00, 0x00, 0x00, 0x00, 0x00, 0x00,
  0x00, 0x00, 0x00, 0x00, 0x00, 0x00, 0x47, 0xB2, 0xB2, 0xB2, 0xB2, 0xB2, 0xB2, 0x64, 0x00, 0x00,
  0x00, 0x00, 0x00, 0x00, 0x00, 0x00, 0x00, 0x00, 0x00, 0x00, 0x00, 0x00, 0x00, 0x00, 0x00, 0x00,
  0x00, 0x00, 0x00, 0x00, 0x00, 0x23, 0xA7, 0xB2, 0xB2, 0xB2, 0xB2, 0xB2, 0xA1, 0x0B, 0x00, 0x00,
  0x00, 0x00, 0x00, 0x00, 0x00, 0x00, 0x00, 0x00, 0x00, 0x00, 0x00, 0x00, 0x00, 0x00, 0x00, 0x00,
  0x00, 0x00, 0x00, 0x00, 0x34, 0xA8, 0xB2, 0xB2, 0xB2, 0xB2, 0xB2, 0xB0, 0x33, 0x00, 0x00, 0x00,
  0x00, 0x00, 0x00, 0x00, 0x00, 0x00, 0x00, 0x00, 0x00, 0x00, 0x00, 0x00, 0x00, 0x00, 0x00, 0x00,
  0x00, 0x00, 0x28, 0x7F, 0xB2, 0xB2, 0xB2, 0xB2, 0xB2, 0xB2, 0xB1, 0x3F, 0x00, 0x00, 0x00, 0x00,
  0x00, 0x00, 0x00, 0x00, 0x00, 0x00, 0x00, 0x00, 0x00, 0x00, 0x00, 0x04, 0x0E, 0x16, 0x2B, 0x49,
  0x6A, 0x9F, 0xB2, 0xB2, 0xB2, 0xB2, 0xB2, 0xB2, 0xB2, 0xA3, 0x33, 0x00, 0x00, 0x00, 0x00, 0x00,
  0x00, 0x00, 0x00, 0x00, 0x00, 0x00, 0x56, 0xB2, 0xB2, 0xB2, 0xB2, 0xB2, 0xB2, 0xB2, 0xB2, 0xB2,
  0xB2, 0xB2, 0xB2, 0xB2, 0xB2, 0xB2, 0xB2, 0xB0, 0x72, 0x10, 0x00, 0x00, 0x00, 0x00, 0x00, 0x00,
  0x00, 0x00, 0x00, 0x00, 0x00, 0x00, 0x56, 0xB2, 0xB2, 0xB2, 0xB2, 0xB2, 0xB2, 0xB2, 0xB2, 0xB2,
  0xB2, 0xB2, 0xB2, 0xB2, 0xB2, 0xA6, 0x6B, 0x1A, 0x00, 0x00, 0x00, 0x00, 0x00, 0x00, 0x00, 0x00,
  0x00, 0x00, 0x00, 0x00, 0x00, 0x00, 0x56, 0xB2, 0xB2, 0xB2, 0xB2, 0xB2, 0xB2, 0xB2, 0xB2, 0xB2,
  0xB2, 0xB2, 0xB2, 0xB2, 0x79, 0x25, 0x04, 0x00, 0x00, 0x00, 0x00, 0x00, 0x00, 0x00, 0x00, 0x00,
  0x00, 0x00, 0x00, 0x00, 0x00, 0x00, 0x56, 0xB2, 0xB2, 0xB2, 0xB2, 0xB2, 0xB2, 0xB2, 0xB2, 0xB2,
  0xB2, 0xB2, 0xB2, 0xB2, 0xB2, 0xB2, 0xAF, 0x82, 0x44, 0x0A, 0x00, 0x00, 0x00, 0x00, 0x00, 0x00,
  0x00, 0x00, 0x00, 0x00, 0x00, 0x00, 0x56, 0xB2, 0xB2, 0xB2, 0xB2, 0xB2, 0xB2, 0xB2, 0xB2, 0xB2,
  0xB2, 0xB2, 0xB2, 0xB2, 0xB2, 0xB2, 0xB2, 0xB2, 0xB2, 0xA8, 0x50, 0x04, 0x00, 0x00, 0x00, 0x00,
  0x00, 0x00, 0x00, 0x00, 0x00, 0x00, 0x3C, 0x7D, 0x7D, 0x7D, 0x7D, 0x81, 0x8A, 0x93, 0x9D, 0xB1,
  0xB2, 0xB2, 0xB2, 0xB2, 0xB2, 0xB2, 0xB2, 0xB2, 0xB2, 0xB2, 0xB2, 0x95, 0x18, 0x00, 0x00, 0x00,
  0x00, 0x00, 0x00, 0x00, 0x00, 0x00, 0x00, 0x00, 0x00, 0x00, 0x00, 0x00, 0x00, 0x00, 0x00, 0x06,
  0x22, 0x42, 0x78, 0xAA, 0xB2, 0xB2, 0xB2, 0xB2, 0xB2, 0xB2, 0xB2, 0xB2, 0xA4, 0x27, 0x00, 0x00,
  0x00, 0x00, 0x00, 0x00, 0x00, 0x00, 0x00, 0x00, 0x00, 0x00, 0x00, 0x00, 0x00, 0x00, 0x00, 0x00,
  0x00, 0x00, 0x00, 0x05, 0x48, 0xA1, 0xB2, 0xB2, 0xB2, 0xB2, 0xB2, 0xB2, 0xB2, 0xA5, 0x15, 0x00,
  0x00, 0x00, 0x00, 0x00, 0x00, 0x00, 0x00, 0x00, 0x00, 0x00, 0x00, 0x00, 0x00, 0x00, 0x00, 0x00,
  0x00, 0x00, 0x00, 0x00, 0x00, 0x07, 0x6F, 0xB2, 0xB2, 0xB2, 0xB2, 0xB2, 0xB2, 0xB2, 0x90, 0x02,
  0x00, 0x00, 0x00, 0x00, 0x00, 0x00, 0x00, 0x00, 0x00, 0x00, 0x00, 0x00, 0x00, 0x00, 0x00, 0x00,
  0x00, 0x00, 0x00, 0x00, 0x00, 0x00, 0x00, 0x60, 0xB2, 0xB2, 0xB2, 0xB2, 0xB2, 0xB2, 0xB2, 0x45,
  0x00, 0x00, 0x00, 0x00, 0x00, 0x00, 0x00, 0x00, 0x00, 0x00, 0x00, 0x00, 0x00, 0x00, 0x00, 0x00,
  0x00, 0x00, 0x00, 0x00, 0x00, 0x00, 0x00, 0x00, 0x87, 0xB2, 0xB2, 0xB2, 0xB2, 0xB2, 0xB2, 0x9C,
  0x02, 0x00, 0x00, 0x00, 0x00, 0x00, 0x00, 0x00, 0x00, 0x00, 0x00, 0x00, 0x00, 0x00, 0x00, 0x00,
  0x00, 0x00, 0x00, 0x00, 0x00, 0x00, 0x00, 0x00, 0x1B, 0xB1, 0xB2, 0xB2, 0xB2, 0xB2, 0xB2, 0xB2,
  0x28, 0x00, 0x00, 0x00, 0x00, 0x00, 0x00, 0x00, 0x00, 0x00, 0x00, 0x00, 0x00, 0x00, 0x00, 0x00,
  0x00, 0x00, 0x00, 0x00, 0x00, 0x00, 0x00, 0x00, 0x00, 0x8A, 0xB2, 0xB2, 0xB2, 0xB2, 0xB2, 0xB2,
  0x5A, 0x00, 0x00, 0x00, 0x00, 0x00, 0x00, 0x00, 0x00, 0x00, 0x00, 0x00, 0x00, 0x00, 0x00, 0x00,
  0x00, 0x00, 0x00, 0x00, 0x00, 0x00, 0x00, 0x00, 0x00, 0x51, 0xB2, 0xB2, 0xB2, 0xB2, 0xB2, 0xB2,
  0x7C, 0x00, 0x00, 0x00, 0x00, 0x00, 0x00, 0x00, 0x00, 0x00, 0x00, 0x00, 0x00, 0x00, 0x00, 0x00,
  0x00, 0x00, 0x00, 0x00, 0x00, 0x00, 0x00, 0x00, 0x00, 0x37, 0xB2, 0xB2, 0xB2, 0xB2, 0xB2, 0xB2,
  0x8C, 0x00, 0x00, 0x00, 0x00, 0x00, 0x00, 0x00, 0x00, 0x00, 0x00, 0x00, 0x00, 0x00, 0x00, 0x00,
  0x00, 0x00, 0x00, 0x00, 0x00, 0x00, 0x00, 0x00, 0x00, 0x26, 0xB2, 0xB2, 0xB2, 0xB2, 0xB2, 0xB2,
  0x99, 0x00, 0x00, 0x00, 0x00, 0x00, 0x00, 0x00, 0x00, 0x00, 0x00, 0x00, 0x00, 0x00, 0x00, 0x00,
  0x00, 0x00, 0x00, 0x00, 0x00, 0x00, 0x00, 0x00, 0x00, 0x23, 0xB2, 0xB2, 0xB2, 0xB2, 0xB2, 0xB2,
  0x94, 0x00, 0x00, 0x00, 0x00, 0x00, 0x00, 0x00, 0x00, 0x00, 0x00, 0x00, 0x00, 0x00, 0x00, 0x00,
  0x00, 0x00, 0x00, 0x00, 0x00, 0x00, 0x00, 0x00, 0x00, 0x33, 0xB2, 0xB2, 0xB2, 0xB2, 0xB2, 0xB2,
  0x88, 0x00, 0x00, 0x00, 0x00, 0x00, 0x00, 0x00, 0x00, 0x00, 0x00, 0x00, 0x00, 0x00, 0x00, 0x00,
  0x00, 0x00, 0x00, 0x00, 0x00, 0x00, 0x00, 0x00, 0x00, 0x4D, 0xB2, 0xB2, 0xB2, 0xB2, 0xB2, 0xB2,
  0x70, 0x00, 0x00, 0x00, 0x00, 0x00, 0x00, 0x00, 0x00, 0x00, 0x00, 0x00, 0x00, 0x00, 0x00, 0x00,
  0x00, 0x00, 0x00, 0x00, 0x00, 0x00, 0x00, 0x00, 0x00, 0x84, 0xB2, 0xB2, 0xB2, 0xB2, 0xB2, 0xB2,
  0x4E, 0x00, 0x00, 0x00, 0x00, 0x00, 0x00, 0x00, 0x00, 0x00, 0x00, 0x00, 0x00, 0x00, 0x00, 0x00,
  0x00, 0x00, 0x00, 0x00, 0x00, 0x00, 0x00, 0x00, 0x18, 0xAF, 0xB2, 0xB2, 0xB2, 0xB2, 0xB2, 0xB2,
  0x20, 0x07, 0x00, 0x00, 0x00, 0x00, 0x00, 0x00, 0x00, 0x00, 0x00, 0x00, 0x00, 0x00, 0x00, 0x00,
  0x00, 0x00, 0x00, 0x00, 0x00, 0x00, 0x00, 0x00, 0x7D, 0xB2, 0xB2, 0xB2, 0xB2, 0xB2, 0xB2, 0x95,
  0x00, 0x91, 0x20, 0x00, 0x00, 0x00, 0x00, 0x00, 0x00, 0x00, 0x00, 0x00, 0x00, 0x00, 0x00, 0x00,
  0x00, 0x00, 0x00, 0x00, 0x00, 0x00, 0x00, 0x53, 0xB2, 0xB2, 0xB2, 0xB2, 0xB2, 0xB2, 0xB2, 0x4A,
  0x00, 0xAD, 0xAF, 0x5C, 0x07, 0x00, 0x00, 0x00, 0x00, 0x00, 0x00, 0x00, 0x00, 0x00, 0x00, 0x00,
  0x00, 0x00, 0x00, 0x00, 0x00, 0x00, 0x54, 0xB2, 0xB2, 0xB2, 0xB2, 0xB2, 0xB2, 0xB2, 0x9C, 0x04,
  0x00, 0xAD, 0xB2, 0xB2, 0xA2, 0x51, 0x0B, 0x00, 0x00, 0x00, 0x00, 0x00, 0x00, 0x00, 0x00, 0x00,
  0x00, 0x00, 0x00, 0x00, 0x1C, 0x86, 0xB2, 0xB2, 0xB2, 0xB2, 0xB2, 0xB2, 0xB2, 0xB1, 0x2F, 0x00,
  0x00, 0xAD, 0xB2, 0xB2, 0xB2, 0xB2, 0xAC, 0x79, 0x42, 0x18, 0x00, 0x00, 0x00, 0x00, 0x00, 0x00,
  0x00, 0x17, 0x41, 0x83, 0xB1, 0xB2, 0xB2, 0xB2, 0xB2, 0xB2, 0xB2, 0xB2, 0xB2, 0x5B, 0x00, 0x00,
  0x00, 0xAD, 0xB2, 0xB2, 0xB2, 0xB2, 0xB2, 0xB2, 0xB2, 0xB2, 0xA9, 0x93, 0x85, 0x7F, 0x87, 0x93,
  0xA5, 0xB2, 0xB2, 0xB2, 0xB2, 0xB2, 0xB2, 0xB2, 0xB2, 0xB2, 0xB2, 0xB2, 0x6B, 0x00, 0x00, 0x00,
  0x00, 0xAD, 0xB2, 0xB2, 0xB2, 0xB2, 0xB2, 0xB2, 0xB2, 0xB2, 0xB2, 0xB2, 0xB2, 0xB2, 0xB2, 0xB2,
  0xB2, 0xB2, 0xB2, 0xB2, 0xB2, 0xB2, 0xB2, 0xB2, 0xB2, 0xB2, 0xB2, 0x5E, 0x00, 0x00, 0x00, 0x00,
  0x00, 0xAB, 0xB2, 0xB2, 0xB2, 0xB2, 0xB2, 0xB2, 0xB2, 0xB2, 0xB2, 0xB2, 0xB2, 0xB2, 0xB2, 0xB2,
  0xB2, 0xB2, 0xB2, 0xB2, 0xB2, 0xB2, 0xB2, 0xB2, 0xB2, 0xA3, 0x38, 0x00, 0x00, 0x00, 0x00, 0x00,
  0x00, 0x1C, 0x79, 0xB2, 0xB2, 0xB2, 0xB2, 0xB2, 0xB2, 0xB2, 0xB2, 0xB2, 0xB2, 0xB2, 0xB2, 0xB2,
  0xB2, 0xB2, 0xB2, 0xB2, 0xB2, 0xB2, 0xB2, 0xAC, 0x64, 0x0B, 0x00, 0x00, 0x00, 0x00, 0x00, 0x00,
  0x00, 0x00, 0x00, 0x22, 0x63, 0x9D, 0xB2, 0xB2, 0xB2, 0xB2, 0xB2, 0xB2, 0xB2, 0xB2, 0xB2, 0xB2,
  0xB2, 0xB2, 0xB2, 0xB2, 0xB2, 0x95, 0x54, 0x10, 0x00, 0x00, 0x00, 0x00, 0x00, 0x00, 0x00, 0x00,
  0x00, 0x00, 0x00, 0x00, 0x00, 0x00, 0x23, 0x46, 0x66, 0x85, 0x97, 0xA0, 0xAA, 0xB1, 0xAD, 0xA6,
  0x97, 0x83, 0x66, 0x43, 0x15, 0x00, 0x00, 0x00, 0x00, 0x00, 0x00, 0x00, 0x00, 0x00, 0x00, 0x00,
  0x00, 0x00, 0x00, 0x00, 0x00, 0x00, 0x00, 0x00, 0x00, 0x00, 0x00, 0x00, 0x00, 0x00, 0x00, 0x00,
  0x00, 0x00, 0x00, 0x00, 0x00, 0x00, 0x00, 0x00, 0x00, 0x00, 0x7E, 0xB2, 0xB2, 0xB2, 0xB2, 0xB2,
  0xB2, 0x7D, 0x00, 0x00, 0x00, 0x00, 0x00, 0x00, 0x00, 0x00, 0x00, 0x00, 0x00, 0x00, 0x00, 0x00,
  0x00, 0x00, 0x00, 0x00, 0x00, 0x00, 0x00, 0x00, 0x00, 0x00, 0x00, 0x00, 0x00, 0x00, 0x00, 0x00,
  0x00, 0x00, 0x2A, 0xB2, 0xB2, 0xB2, 0xB2, 0xB2, 0xB2, 0xB2, 0x7D, 0x00, 0x00, 0x00, 0x00, 0x00,
  0x00, 0x00, 0x00, 0x00, 0x00, 0x00, 0x00, 0x00, 0x00, 0x00, 0x00, 0x00, 0x00, 0x00, 0x00, 0x00,
  0x00, 0x00, 0x00, 0x00, 0x00, 0x00, 0x00, 0x00, 0x00, 0x00, 0x00, 0x89, 0xB2, 0xB2, 0xB2, 0xB2,
  0xB2, 0xB2, 0xB2, 0x7D, 0x00, 0x00, 0x00, 0x00, 0x00, 0x00, 0x00, 0x00, 0x00, 0x00, 0x00, 0x00,
  0x00, 0x00, 0x00, 0x00, 0x00, 0x00, 0x00, 0x00, 0x00, 0x00, 0x00, 0x00, 0x00, 0x00, 0x00, 0x00,
  0x00, 0x00, 0x00, 0x37, 0xB2, 0xB2, 0xB2, 0xB2, 0xB2, 0xB2, 0xB2, 0xB2, 0x7D, 0x00, 0x00, 0x00,
  0x00, 0x00, 0x00, 0x00, 0x00, 0x00, 0x00, 0x00, 0x00, 0x00, 0x00, 0x00, 0x00, 0x00, 0x00, 0x00,
  0x00, 0x00, 0x00, 0x00, 0x00, 0x00, 0x00, 0x00, 0x00, 0x00, 0x00, 0x02, 0x95, 0xB2, 0xB2, 0xB2,
  0xB2, 0xB2, 0xB2, 0xB2, 0xB2, 0x7D, 0x00, 0x00, 0x00, 0x00, 0x00, 0x00, 0x00, 0x00, 0x00, 0x00,
  0x00, 0x00, 0x00, 0x00, 0x00, 0x00, 0x00, 0x00, 0x00, 0x00, 0x00, 0x00, 0x00, 0x00, 0x00, 0x00,
  0x00, 0x00, 0x00, 0x00, 0x4D, 0xB2, 0xB2, 0xB2, 0xB2, 0xB2, 0xB2, 0xB2, 0xB2, 0xB2, 0x7D, 0x00,
  0x00, 0x00, 0x00, 0x00, 0x00, 0x00, 0x00, 0x00, 0x00, 0x00, 0x00, 0x00, 0x00, 0x00, 0x00, 0x00,
  0x00, 0x00, 0x00, 0x00, 0x00, 0x00, 0x00, 0x00, 0x00, 0x00, 0x00, 0x00, 0x0E, 0xA6, 0xB2, 0xB2,
  0xB2, 0xB2, 0xB2, 0xB2, 0xB2, 0xB2, 0xB2, 0x7D, 0x00, 0x00, 0x00, 0x00, 0x00, 0x00, 0x00, 0x00,
  0x00, 0x00, 0x00, 0x00, 0x00, 0x00, 0x00, 0x00, 0x00, 0x00, 0x00, 0x00, 0x00, 0x00, 0x00, 0x00,
  0x00, 0x00, 0x00, 0x00, 0x00, 0x6A, 0xB2, 0xB2, 0xB2, 0xB2, 0xB2, 0xB2, 0xB2, 0xB2, 0xB2, 0xB2,
  0x7D, 0x00, 0x00, 0x00, 0x00, 0x00, 0x00, 0x00, 0x00, 0x00, 0x00, 0x00, 0x00, 0x00, 0x00, 0x00,
  0x00, 0x00, 0x00, 0x00, 0x00, 0x00, 0x00, 0x00, 0x00, 0x00, 0x00, 0x00, 0x00, 0x20, 0xB1, 0xB2,
  0xB2, 0xB2, 0xB2, 0xB2, 0xB2, 0xB2, 0xB2, 0xB2, 0xB2, 0x7D, 0x00, 0x00, 0x00, 0x00, 0x00, 0x00,
  0x00, 0x00, 0x00, 0x00, 0x00, 0x00, 0x00, 0x00, 0x00, 0x00, 0x00, 0x00, 0x00, 0x00, 0x00, 0x00,
  0x00, 0x00, 0x00, 0x00, 0x00, 0x00, 0x89, 0xB2, 0xB2, 0xB2, 0xB2, 0xB2, 0xB2, 0xB2, 0xB2, 0xB2,
  0xB2, 0xB2, 0x7D, 0x00, 0x00, 0x00, 0x00, 0x00, 0x00, 0x00, 0x00, 0x00, 0x00, 0x00, 0x00, 0x00,
  0x00, 0x00, 0x00, 0x00, 0x00, 0x00, 0x00, 0x00, 0x00, 0x00, 0x00, 0x00, 0x00, 0x00, 0x48, 0xB2,
  0xB2, 0xB2, 0xB2, 0xB2, 0x84, 0xB0, 0xB2, 0xB2, 0xB2, 0xB2, 0xB2, 0x7D, 0x00, 0x00, 0x00, 0x00,
  0x00, 0x00, 0x00, 0x00, 0x00, 0x00, 0x00, 0x00, 0x00, 0x00, 0x00, 0x00, 0x00, 0x00, 0x00, 0x00,
  0x00, 0x00, 0x00, 0x00, 0x00, 0x00, 0x10, 0xA7, 0xB2, 0xB2, 0xB2, 0xB2, 0xAF, 0x1E, 0xB0, 0xB2,
  0xB2, 0xB2, 0xB2, 0xB2, 0x7D, 0x00, 0x00, 0x00, 0x00, 0x00, 0x00, 0x00, 0x00, 0x00, 0x00, 0x00,
  0x00, 0x00, 0x00, 0x00, 0x00, 0x00, 0x00, 0x00, 0x00, 0x00, 0x00, 0x00, 0x00, 0x00, 0x00, 0x75,
  0xB2, 0xB2, 0xB2, 0xB2, 0xB2, 0x66, 0x00, 0xB0, 0xB2, 0xB2, 0xB2, 0xB2, 0xB2, 0x7D, 0x00, 0x00,
  0x00, 0x00, 0x00, 0x00, 0x00, 0x00, 0x00, 0x00, 0x00, 0x00, 0x00, 0x00, 0x00, 0x00, 0x00, 0x00,
  0x00, 0x00, 0x00, 0x00, 0x00, 0x00, 0x00, 0x32, 0xB2, 0xB2, 0xB2, 0xB2, 0xB2, 0xA4, 0x0B, 0x00,
  0xB0, 0xB2, 0xB2, 0xB2, 0xB2, 0xB2, 0x7D, 0x00, 0x00, 0x00, 0x00, 0x00, 0x00, 0x00, 0x00, 0x00,
  0x00, 0x00, 0x00, 0x00, 0x00, 0x00, 0x00, 0x00, 0x00, 0x00, 0x00, 0x00, 0x00, 0x00, 0x00, 0x09,
  0x9D, 0xB2, 0xB2, 0xB2, 0xB2, 0xB2, 0x47, 0x00, 0x00, 0xB0, 0xB2, 0xB2, 0xB2, 0xB2, 0xB2, 0x7D,
  0x00, 0x00, 0x00, 0x00, 0x00, 0x00, 0x00, 0x00, 0x00, 0x00, 0x00, 0x00, 0x00, 0x00, 0x00, 0x00,
  0x00, 0x00, 0x00, 0x00, 0x00, 0x00, 0x00, 0x00, 0x6C, 0xB2, 0xB2, 0xB2, 0xB2, 0xB2, 0x90, 0x01,
  0x00, 0x00, 0xB0, 0xB2, 0xB2, 0xB2, 0xB2, 0xB2, 0x7D, 0x00, 0x00, 0x00, 0x00, 0x00, 0x00, 0x00,
  0x00, 0x00, 0x00, 0x00, 0x00, 0x00, 0x00, 0x00, 0x00, 0x00, 0x00, 0x00, 0x00, 0x00, 0x00, 0x00,
  0x31, 0xB2, 0xB2, 0xB2, 0xB2, 0xB2, 0xB1, 0x29, 0x00, 0x00, 0x00, 0xB0, 0xB2, 0xB2, 0xB2, 0xB2,
  0xB2, 0x7D, 0x00, 0x00, 0x00, 0x00, 0x00, 0x00, 0x00, 0x00, 0x00, 0x00, 0x00, 0x00, 0x00, 0x00,
  0x00, 0x00, 0x00, 0x00, 0x00, 0x00, 0x00, 0x00, 0x09, 0x9E, 0xB2, 0xB2, 0xB2, 0xB2, 0xB2, 0x69,
  0x00, 0x00, 0x00, 0x00, 0xB0, 0xB2, 0xB2, 0xB2, 0xB2, 0xB2, 0x7D, 0x00, 0x00, 0x00, 0x00, 0x00,
  0x00, 0x00, 0x00, 0x00, 0x00, 0x00, 0x00, 0x00, 0x00, 0x00, 0x00, 0x00, 0x00, 0x00, 0x00, 0x00,
  0x00, 0x6D, 0xB2, 0xB2, 0xB2, 0xB2, 0xB2, 0x9E, 0x09, 0x00, 0x00, 0x00, 0x00, 0xB0, 0xB2, 0xB2,
  0xB2, 0xB2, 0xB2, 0x7D, 0x00, 0x00, 0x00, 0x00, 0x00, 0x00, 0x00, 0x00, 0x00, 0x00, 0x00, 0x00,
  0x00, 0x00, 0x00, 0x00, 0x00, 0x00, 0x00, 0x00, 0x00, 0x37, 0xB2, 0xB2, 0xB2, 0xB2, 0xB2, 0xB2,
  0x35, 0x00, 0x00, 0x00, 0x00, 0x00, 0xB0, 0xB2, 0xB2, 0xB2, 0xB2, 0xB2, 0x7D, 0x00, 0x00, 0x00,
  0x00, 0x00, 0x00, 0x00, 0x00, 0x00, 0x00, 0x00, 0x00, 0x00, 0x00, 0x00, 0x00, 0x00, 0x00, 0x00,
  0x00, 0x11, 0xA4, 0xB2, 0xB2, 0xB2, 0xB2, 0xB2, 0x74, 0x00, 0x00, 0x00, 0x00, 0x00, 0x00, 0xB0,
  0xB2, 0xB2, 0xB2, 0xB2, 0xB2, 0x7D, 0x00, 0x00, 0x00, 0x00, 0x00, 0x00, 0x00, 0x00, 0x00, 0x00,
  0x00, 0x00, 0x00, 0x00, 0x00, 0x00, 0x00, 0x00, 0x00, 0x00, 0x81, 0xB2, 0xB2, 0xB2, 0xB2, 0xB2,
  0xA5, 0x0E, 0x00, 0x00, 0x00, 0x00, 0x00, 0x00, 0xB0, 0xB2, 0xB2, 0xB2, 0xB2, 0xB2, 0x7D, 0x00,
  0x00, 0x00, 0x00, 0x00, 0x00, 0x00, 0x00, 0x00, 0x00, 0x00, 0x00, 0x00, 0x00, 0x00, 0x00, 0x00,
  0x00, 0x00, 0x4E, 0xB2, 0xB2, 0xB2, 0xB2, 0xB2, 0xB2, 0x40, 0x00, 0x00, 0x00, 0x00, 0x00, 0x00,
  0x00, 0xB0, 0xB2, 0xB2, 0xB2, 0xB2, 0xB2, 0x7D, 0x00, 0x00, 0x00, 0x00, 0x00, 0x00, 0x00, 0x00,
  0x00, 0x00, 0x00, 0x00, 0x00, 0x00, 0x00, 0x00, 0x00, 0x00, 0x20, 0xAD, 0xB2, 0xB2, 0xB2, 0xB2,
  0xB2, 0x79, 0x00, 0x00, 0x00, 0x00, 0x00, 0x00, 0x00, 0x00, 0xB0, 0xB2, 0xB2, 0xB2, 0xB2, 0xB2,
  0x7D, 0x00, 0x00, 0x00, 0x00, 0x00, 0x00, 0x00, 0x00, 0x00, 0x00, 0x00, 0x00, 0x00, 0x00, 0x00,
  0x00, 0x00, 0x08, 0x97, 0xB2, 0xB2, 0xB2, 0xB2, 0xB2, 0xA1, 0x0E, 0x00, 0x00, 0x00, 0x00, 0x00,
  0x00, 0x00, 0x00, 0xB0, 0xB2, 0xB2, 0xB2, 0xB2, 0xB2, 0x7D, 0x00, 0x00, 0x00, 0x00, 0x00, 0x00,
  0x00, 0x00, 0x00, 0x00, 0x00, 0x00, 0x00, 0x00, 0x00, 0x00, 0x00, 0x72, 0xB2, 0xB2, 0xB2, 0xB2,
  0xB2, 0xB2, 0x33, 0x00, 0x00, 0x00, 0x00, 0x00, 0x00, 0x00, 0x00, 0x00, 0xB0, 0xB2, 0xB2, 0xB2,
  0xB2, 0xB2, 0x7D, 0x00, 0x00, 0x00, 0x00, 0x00, 0x00, 0x00, 0x00, 0x00, 0x00, 0x00, 0x00, 0x00,
  0x00, 0x00, 0x00, 0x47, 0xB2, 0xB2, 0xB2, 0xB2, 0xB2, 0xB2, 0x66, 0x00, 0x00, 0x00, 0x00, 0x00,
  0x00, 0x00, 0x00, 0x00, 0x00, 0xB0, 0xB2, 0xB2, 0xB2, 0xB2, 0xB2, 0x7D, 0x00, 0x00, 0x00, 0x00,
  0x00, 0x00, 0x00, 0x00, 0x00, 0x00, 0x00, 0x00, 0x00, 0x00, 0x00, 0x20, 0xAC, 0xB2, 0xB2, 0xB2,
  0xB2, 0xB2, 0x91, 0x04, 0x00, 0x00, 0x00, 0x00, 0x00, 0x00, 0x00, 0x00, 0x00, 0x00, 0xB0, 0xB2,
  0xB2, 0xB2, 0xB2, 0xB2, 0x7D, 0x00, 0x00, 0x00, 0x00, 0x00, 0x00, 0x00, 0x00, 0x00, 0x00, 0x00,
  0x00, 0x00, 0x00, 0x0B, 0x98, 0xB2, 0xB2, 0xB2, 0xB2, 0xB2, 0xAB, 0x1C, 0x00, 0x00, 0x00, 0x00,
  0x00, 0x00, 0x00, 0x00, 0x00, 0x00, 0x00, 0xB0, 0xB2, 0xB2, 0xB2, 0xB2, 0xB2, 0x7D, 0x00, 0x00,
  0x00, 0x00, 0x00, 0x00, 0x00, 0x00, 0x00, 0x00, 0x00, 0x00, 0x00, 0x01, 0x7E, 0xB2, 0xB2, 0xB2,
  0xB2, 0xB2, 0xB2, 0x43, 0x00, 0x00, 0x00, 0x00, 0x00, 0x00, 0x00, 0x00, 0x00, 0x00, 0x00, 0x00,
  0xB0, 0xB2, 0xB2, 0xB2, 0xB2, 0xB2, 0x7D, 0x00, 0x00, 0x00, 0x00, 0x00, 0x00, 0x00, 0x00, 0x00,
  0x00, 0x00, 0x00, 0x00, 0x5D, 0xB2, 0xB2, 0xB2, 0xB2, 0xB2, 0xB2, 0x6D, 0x00, 0x00, 0x00, 0x00,
  0x00, 0x00, 0x00, 0x00, 0x00, 0x00, 0x00, 0x00, 0x00, 0xB0, 0xB2, 0xB2, 0xB2, 0xB2, 0xB2, 0x7D,
  0x00, 0x00, 0x00, 0x00, 0x00, 0x00, 0x00, 0x00, 0x00, 0x00, 0x00, 0x00, 0x3A, 0xB1, 0xB2, 0xB2,
  0xB2, 0xB2, 0xB2, 0x92, 0x06, 0x00, 0x00, 0x00, 0x00, 0x00, 0x00, 0x00, 0x00, 0x00, 0x00, 0x00,
  0x00, 0x00, 0xB0, 0xB2, 0xB2, 0xB2, 0xB2, 0xB2, 0x7D, 0x00, 0x00, 0x00, 0x00, 0x00, 0x00, 0x00,
  0x00, 0x00, 0x00, 0x00, 0x20, 0xAA, 0xB2, 0xB2, 0xB2, 0xB2, 0xB2, 0xA8, 0x19, 0x00, 0x00, 0x00,
  0x00, 0x00, 0x00, 0x00, 0x00, 0x00, 0x00, 0x00, 0x00, 0x00, 0x00, 0xB0, 0xB2, 0xB2, 0xB2, 0xB2,
  0xB2, 0x7D, 0x00, 0x00, 0x00, 0x00, 0x00, 0x00, 0x00, 0x00, 0x00, 0x00, 0x11, 0x9E, 0xB2, 0xB2,
  0xB2, 0xB2, 0xB2, 0xB1, 0x36, 0x00, 0x00, 0x00, 0x00, 0x00, 0x00, 0x00, 0x00, 0x00, 0x00, 0x00,
  0x00, 0x00, 0x00, 0x00, 0xB0, 0xB2, 0xB2, 0xB2, 0xB2, 0xB2, 0x7D, 0x00, 0x00, 0x00, 0x00, 0x00,
  0x00, 0x00, 0x00, 0x00, 0x07, 0x8E, 0xB2, 0xB2, 0xB2, 0xB2, 0xB2, 0xB2, 0x5B, 0x00, 0x00, 0x00,
  0x00, 0x00, 0x00, 0x00, 0x00, 0x00, 0x00, 0x00, 0x00, 0x00, 0x00, 0x00, 0x00, 0xB0, 0xB2, 0xB2,
  0xB2, 0xB2, 0xB2, 0x7D, 0x00, 0x00, 0x00, 0x00, 0x00, 0x00, 0x00, 0x00, 0x01, 0x7B, 0xB2, 0xB2,
  0xB2, 0xB2, 0xB2, 0xB2, 0x80, 0x01, 0x00, 0x00, 0x00, 0x00, 0x00, 0x00, 0x00, 0x00, 0x00, 0x00,
  0x00, 0x00, 0x00, 0x00, 0x00, 0x00, 0xB0, 0xB2, 0xB2, 0xB2, 0xB2, 0xB2, 0x7D, 0x00, 0x00, 0x00,
  0x00, 0x00, 0x00, 0x00, 0x00, 0x40, 0xB2, 0xB2, 0xB2, 0xB2, 0xB2, 0xB2, 0xB2, 0xB2, 0xB2, 0xB2,
  0xB2, 0xB2, 0xB2, 0xB2, 0xB2, 0xB2, 0xB2, 0xB2, 0xB2, 0xB2, 0xB2, 0xB2, 0xB2, 0xB2, 0xB2, 0xB2,
  0xB2, 0xB2, 0xB2, 0xB2, 0xB2, 0xB2, 0xB2, 0xB2, 0xB2, 0xB2, 0xB2, 0xB2, 0xB2, 0x9A, 0x48, 0xB2,
  0xB2, 0xB2, 0xB2, 0xB2, 0xB2, 0xB2, 0xB2, 0xB2, 0xB2, 0xB2, 0xB2, 0xB2, 0xB2, 0xB2, 0xB2, 0xB2,
  0xB2, 0xB2, 0xB2, 0xB2, 0xB2, 0xB2, 0xB2, 0xB2, 0xB2, 0xB2, 0xB2, 0xB2, 0xB2, 0xB2, 0xB2, 0xB2,
  0xB2, 0xB2, 0xB2, 0xB2, 0xB2, 0xB2, 0x9A, 0x48, 0xB2, 0xB2, 0xB2, 0xB2, 0xB2, 0xB2, 0xB2, 0xB2,
  0xB2, 0xB2, 0xB2, 0xB2, 0xB2, 0xB2, 0xB2, 0xB2, 0xB2, 0xB2, 0xB2, 0xB2, 0xB2, 0xB2, 0xB2, 0xB2,
  0xB2, 0xB2, 0xB2, 0xB2, 0xB2, 0xB2, 0xB2, 0xB2, 0xB2, 0xB2, 0xB2, 0xB2, 0xB2, 0xB2, 0xB2, 0x9A,
  0x48, 0xB2, 0xB2, 0xB2, 0xB2, 0xB2, 0xB2, 0xB2, 0xB2, 0xB2, 0xB2, 0xB2, 0xB2, 0xB2, 0xB2, 0xB2,
  0xB2, 0xB2, 0xB2, 0xB2, 0xB2, 0xB2, 0xB2, 0xB2, 0xB2, 0xB2, 0xB2, 0xB2, 0xB2, 0xB2, 0xB2, 0xB2,
  0xB2, 0xB2, 0xB2, 0xB2, 0xB2, 0xB2, 0xB2, 0xB2, 0x9A, 0x48, 0xB2, 0xB2, 0xB2, 0xB2, 0xB2, 0xB2,
  0xB2, 0xB2, 0xB2, 0xB2, 0xB2, 0xB2, 0xB2, 0xB2, 0xB2, 0xB2, 0xB2, 0xB2, 0xB2, 0xB2, 0xB2, 0xB2,
  0xB2, 0xB2, 0xB2, 0xB2, 0xB2, 0xB2, 0xB2, 0xB2, 0xB2, 0xB2, 0xB2, 0xB2, 0xB2, 0xB2, 0xB2, 0xB2,
  0xB2, 0x9A, 0x33, 0x7D, 0x7D, 0x7D, 0x7D, 0x7D, 0x7D, 0x7D, 0x7D, 0x7D, 0x7D, 0x7D, 0x7D, 0x7D,
  0x7D, 0x7D, 0x7D, 0x7D, 0x7D, 0x7D, 0x7D, 0x7D, 0x7D, 0x7D, 0x7D, 0x7D, 0xB1, 0xB2, 0xB2, 0xB2,
  0xB2, 0xB2, 0xA3, 0x7D, 0x7D, 0x7D, 0x7D, 0x7D, 0x7D, 0x7D, 0x6B, 0x00, 0x00, 0x00, 0x00, 0x00,
  0x00, 0x00, 0x00, 0x00, 0x00, 0x00, 0x00, 0x00, 0x00, 0x00, 0x00, 0x00, 0x00, 0x00, 0x00, 0x00,
  0x00, 0x00, 0x00, 0x00, 0x00, 0xB0, 0xB2, 0xB2, 0xB2, 0xB2, 0xB2, 0x7D, 0x00, 0x00, 0x00, 0x00,
  0x00, 0x00, 0x00, 0x00, 0x00, 0x00, 0x00, 0x00, 0x00, 0x00, 0x00, 0x00, 0x00, 0x00, 0x00, 0x00,
  0x00, 0x00, 0x00, 0x00, 0x00, 0x00, 0x00, 0x00, 0x00, 0x00, 0x00, 0x00, 0x00, 0x00, 0xB0, 0xB2,
  0xB2, 0xB2, 0xB2, 0xB2, 0x7D, 0x00, 0x00, 0x00, 0x00, 0x00, 0x00, 0x00, 0x00, 0x00, 0x00, 0x00,
  0x00, 0x00, 0x00, 0x00, 0x00, 0x00, 0x00, 0x00, 0x00, 0x00, 0x00, 0x00, 0x00, 0x00, 0x00, 0x00,
  0x00, 0x00, 0x00, 0x00, 0x00, 0x00, 0x00, 0xB0, 0xB2, 0xB2, 0xB2, 0xB2, 0xB2, 0x7D, 0x00, 0x00,
  0x00, 0x00, 0x00, 0x00, 0x00, 0x00, 0x00, 0x00, 0x00, 0x00, 0x00, 0x00, 0x00, 0x00, 0x00, 0x00,
  0x00, 0x00, 0x00, 0x00, 0x00, 0x00, 0x00, 0x00, 0x00, 0x00, 0x00, 0x00, 0x00, 0x00, 0x00, 0x00,
  0xB0, 0xB2, 0xB2, 0xB2, 0xB2, 0xB2, 0x7D, 0x00, 0x00, 0x00, 0x00, 0x00, 0x00, 0x00, 0x00, 0x00,
  0x00, 0x00, 0x00, 0x00, 0x00, 0x00, 0x00, 0x00, 0x00, 0x00, 0x00, 0x00, 0x00, 0x00, 0x00, 0x00,
  0x00, 0x00, 0x00, 0x00, 0x00, 0x00, 0x00, 0x00, 0x00, 0xB0, 0xB2, 0xB2, 0xB2, 0xB2, 0xB2, 0x7D,
  0x00, 0x00, 0x00, 0x00, 0x00, 0x00, 0x00, 0x00, 0x00, 0x00, 0x00, 0x00, 0x00, 0x00, 0x00, 0x00,
  0x00, 0x00, 0x00, 0x00, 0x00, 0x00, 0x00, 0x00, 0x00, 0x00, 0x00, 0x00, 0x00, 0x00, 0x00, 0x00,
  0x00, 0x00, 0xB0, 0xB2, 0xB2, 0xB2, 0xB2, 0xB2, 0x7D, 0x00, 0x00, 0x00, 0x00, 0x00, 0x00, 0x00,
  0x00, 0x00, 0x00, 0x00, 0x00, 0x00, 0x00, 0x00, 0x00, 0x00, 0x00, 0x00, 0x00, 0x00, 0x00, 0x00,
  0x00, 0x00, 0x00, 0x00, 0x00, 0x00, 0x00, 0x00, 0x00, 0x00, 0x00, 0xB0, 0xB2, 0xB2, 0xB2, 0xB2,
  0xB2, 0x7D, 0x00, 0x00, 0x00, 0x00, 0x00, 0x00, 0x00, 0x00, 0x00, 0x00, 0x00, 0x00, 0x00, 0x00,
  0x00, 0x00, 0x00, 0x00, 0x00, 0x00, 0x00, 0x00, 0x00, 0x00, 0x00, 0x00, 0x00, 0x00, 0x00, 0x00,
  0x00, 0x00, 0x00, 0x00, 0xB0, 0xB2, 0xB2, 0xB2, 0xB2, 0xB2, 0x7D, 0x00, 0x00, 0x00, 0x00, 0x00,
  0x00, 0x00, 0x00, 0x00, 0x00, 0x00, 0x00, 0x00, 0x00, 0x00, 0x00, 0x00, 0x00, 0x00, 0x00, 0x00,
  0x00, 0x00, 0x00, 0x00, 0x00, 0x00, 0x00, 0x00, 0x00, 0x00, 0x00, 0x00, 0x00, 0xB0, 0xB2, 0xB2,
  0xB2, 0xB2, 0xB2, 0x7D, 0x00, 0x00, 0x00, 0x00, 0x00, 0x00, 0x00, 0x00, 0x00, 0x00, 0x00, 0x00,
  0x00, 0x00, 0x00, 0x00, 0x00, 0x00, 0x00, 0x00, 0x00, 0x00, 0x00, 0x00, 0x00, 0x00, 0x00, 0x00,
  0x00, 0x00, 0x00, 0x00, 0x00, 0x00, 0xB0, 0xB2, 0xB2, 0xB2, 0xB2, 0xB2, 0x7D, 0x00, 0x00, 0x00,
  0x00, 0x00, 0x00, 0x00, 0x00, 0x00, 0x00, 0x00, 0x00, 0x00, 0x00, 0x00, 0x00, 0x00, 0x00, 0x00,
  0x00, 0x00, 0x00, 0x00, 0x00, 0x00, 0x00, 0x00, 0x00, 0x00, 0x00, 0x00, 0x00, 0x00, 0x00, 0xB0,
  0xB2, 0xB2, 0xB2, 0xB2, 0xB2, 0x7D, 0x00, 0x00, 0x00, 0x00, 0x00, 0x00, 0x00, 0x00, 0x00, 0x00,
  0x00, 0x00, 0x00, 0x00, 0x00, 0x00, 0x00, 0x00, 0x00, 0x00, 0x00, 0x00, 0x00, 0x00, 0x00, 0x00,
  0x00, 0x00, 0x00, 0x00, 0x00, 0x00, 0x00, 0x00, 0xB0, 0xB2, 0xB2, 0xB2, 0xB2, 0xB2, 0x7D, 0x00,
  0x00, 0x00, 0x00, 0x00, 0x00, 0x00, 0x00, 0x00, 0x00, 0x1A, 0xB2, 0xB2, 0xB2, 0xB2, 0xB2, 0xB2,
  0xB2, 0xB2, 0xB2, 0xB2, 0xB2, 0xB2, 0xB2, 0xB2, 0xB2, 0xB2, 0xB2, 0xB2, 0xB2, 0xB2, 0xB2, 0xB2,
  0xB2, 0xB2, 0xB2, 0x3D, 0x00, 0x00, 0x00, 0x00, 0x00, 0x27, 0xB2, 0xB2, 0xB2, 0xB2, 0xB2, 0xB2,
  0xB2, 0xB2, 0xB2, 0xB2, 0xB2, 0xB2, 0xB2, 0xB2, 0xB2, 0xB2, 0xB2, 0xB2, 0xB2, 0xB2, 0xB2, 0xB2,
  0xB2, 0xB2, 0xB2, 0x3D, 0x00, 0x00, 0x00, 0x00, 0x00, 0x34, 0xB2, 0xB2, 0xB2, 0xB2, 0xB2, 0xB2,
  0xB2, 0xB2, 0xB2, 0xB2, 0xB2, 0xB2, 0xB2, 0xB2, 0xB2, 0xB2, 0xB2, 0xB2, 0xB2, 0xB2, 0xB2, 0xB2,
  0xB2, 0xB2, 0xB2, 0x3D, 0x00, 0x00, 0x00, 0x00, 0x00, 0x41, 0xB2, 0xB2, 0xB2, 0xB2, 0xB2, 0xB2,
  0xB2, 0xB2, 0xB2, 0xB2, 0xB2, 0xB2, 0xB2, 0xB2, 0xB2, 0xB2, 0xB2, 0xB2, 0xB2, 0xB2, 0xB2, 0xB2,
  0xB2, 0xB2, 0xB2, 0x3D, 0x00, 0x00, 0x00, 0x00, 0x00, 0x4E, 0xB2, 0xB2, 0xB2, 0xB2, 0xB2, 0xB2,
  0xB2, 0xB2, 0xB2, 0xB2, 0xB2, 0xB2, 0xB2, 0xB2, 0xB2, 0xB2, 0xB2, 0xB2, 0xB2, 0xB2, 0xB2, 0xB2,
  0xB2, 0xB2, 0xB2, 0x3D, 0x00, 0x00, 0x00, 0x00, 0x00, 0x5B, 0xB2, 0xB2, 0xB2, 0xB2, 0xB2, 0xB2,
  0xB2, 0xB2, 0xB2, 0xB2, 0xB2, 0xB2, 0xB2, 0xB2, 0xB2, 0xB2, 0xB2, 0xB2, 0xB2, 0xB2, 0xB2, 0xB2,
  0xB2, 0xB2, 0xB2, 0x3D, 0x00, 0x00, 0x00, 0x00, 0x00, 0x69, 0xB2, 0xB2, 0xB2, 0xB2, 0xB2, 0x79,
  0x08, 0x08, 0x08, 0x08, 0x08, 0x08, 0x08, 0x08, 0x08, 0x08, 0x08, 0x08, 0x08, 0x08, 0x08, 0x08,
  0x08, 0x08, 0x08, 0x02, 0x00, 0x00, 0x00, 0x00, 0x00, 0x75, 0xB2, 0xB2, 0xB2, 0xB2, 0xB2, 0x69,
  0x00, 0x00, 0x00, 0x00, 0x00, 0x00, 0x00, 0x00, 0x00, 0x00, 0x00, 0x00, 0x00, 0x00, 0x00, 0x00,
  0x00, 0x00, 0x00, 0x00, 0x00, 0x00, 0x00, 0x00, 0x00, 0x82, 0xB2, 0xB2, 0xB2, 0xB2, 0xB2, 0x5C,
  0x00, 0x00, 0x00, 0x00, 0x00, 0x00, 0x00, 0x00, 0x00, 0x00, 0x00, 0x00, 0x00, 0x00, 0x00, 0x00,
  0x00, 0x00, 0x00, 0x00, 0x00, 0x00, 0x00, 0x00, 0x00, 0x90, 0xB2, 0xB2, 0xB2, 0xB2, 0xB2, 0x4F,
  0x00, 0x00, 0x00, 0x00, 0x00, 0x00, 0x00, 0x00, 0x00, 0x00, 0x00, 0x00, 0x00, 0x00, 0x00, 0x00,
  0x00, 0x00, 0x00, 0x00, 0x00, 0x00, 0x00, 0x00, 0x00, 0x9D, 0xB2, 0xB2, 0xB2, 0xB2, 0xB2, 0x41,
  0x00, 0x00, 0x00, 0x00, 0x00, 0x00, 0x00, 0x00, 0x00, 0x00, 0x00, 0x00, 0x00, 0x00, 0x00, 0x00,
  0x00, 0x00, 0x00, 0x00, 0x00, 0x00, 0x00, 0x00, 0x00, 0xAA, 0xB2, 0xB2, 0xB2, 0xB2, 0xB2, 0x34,
  0x00, 0x00, 0x00, 0x00, 0x00, 0x00, 0x00, 0x00, 0x00, 0x00, 0x00, 0x00, 0x00, 0x00, 0x00, 0x00,
  0x00, 0x00, 0x00, 0x00, 0x00, 0x00, 0x00, 0x00, 0x04, 0xB2, 0xB2, 0xB2, 0xB2, 0xB2, 0xB2, 0x27,
  0x00, 0x00, 0x00, 0x00, 0x00, 0x00, 0x00, 0x00, 0x00, 0x00, 0x00, 0x00, 0x00, 0x00, 0x00, 0x00,
  0x00, 0x00, 0x00, 0x00, 0x00, 0x00, 0x00, 0x00, 0x11, 0xB2, 0xB2, 0xB2, 0xB2, 0xB2, 0xB2, 0x19,
  0x00, 0x00, 0x00, 0x00, 0x00, 0x00, 0x00, 0x00, 0x00, 0x00, 0x00, 0x00, 0x00, 0x00, 0x00, 0x00,
  0x00, 0x00, 0x00, 0x00, 0x00, 0x00, 0x00, 0x00, 0x1E, 0xB2, 0xB2, 0xB2, 0xB2, 0xB2, 0xB2, 0x0C,
  0x00, 0x00, 0x00, 0x00, 0x00, 0x00, 0x00, 0x00, 0x00, 0x00, 0x00, 0x00, 0x00, 0x00, 0x00, 0x00,
  0x00, 0x00, 0x00, 0x00, 0x00, 0x00, 0x00, 0x00, 0x2B, 0xB2, 0xB2, 0xB2, 0xB2, 0xB2, 0xB1, 0x01,
  0x00, 0x00, 0x00, 0x00, 0x00, 0x00, 0x00, 0x00, 0x00, 0x00, 0x00, 0x00, 0x00, 0x00, 0x00, 0x00,
  0x00, 0x00, 0x00, 0x00, 0x00, 0x00, 0x00, 0x00, 0x38, 0xB2, 0xB2, 0xB2, 0xB2, 0xB2, 0xA5, 0x00,
  0x00, 0x00, 0x00, 0x00, 0x00, 0x00, 0x00, 0x00, 0x00, 0x00, 0x00, 0x00, 0x00, 0x00, 0x00, 0x00,
  0x00, 0x00, 0x00, 0x00, 0x00, 0x00, 0x00, 0x00, 0x46, 0xB2, 0xB2, 0xB2, 0xB2, 0xB2, 0x97, 0x00,
  0x00, 0x00, 0x00, 0x00, 0x00, 0x00, 0x00, 0x00, 0x00, 0x00, 0x00, 0x00, 0x00, 0x00, 0x00, 0x00,
  0x00, 0x00, 0x00, 0x00, 0x00, 0x00, 0x00, 0x00, 0x52, 0xB2, 0xB2, 0xB2, 0xB2, 0xB2, 0x8A, 0x00,
  0x00, 0x00, 0x00, 0x00, 0x00, 0x00, 0x00, 0x00, 0x00, 0x00, 0x00, 0x00, 0x00, 0x00, 0x00, 0x00,
  0x00, 0x00, 0x00, 0x00, 0x00, 0x00, 0x00, 0x00, 0x5F, 0xB2, 0xB2, 0xB2, 0xB2, 0xB2, 0x7D, 0x00,
  0x00, 0x00, 0x00, 0x00, 0x00, 0x00, 0x00, 0x00, 0x00, 0x00, 0x00, 0x00, 0x00, 0x00, 0x00, 0x00,
  0x00, 0x00, 0x00, 0x00, 0x00, 0x00, 0x00, 0x00, 0x6D, 0xB2, 0xB2, 0xB2, 0xB2, 0xB2, 0x70, 0x00,
  0x00, 0x00, 0x00, 0x00, 0x00, 0x00, 0x00, 0x00, 0x00, 0x00, 0x00, 0x00, 0x00, 0x00, 0x00, 0x00,
  0x00, 0x00, 0x00, 0x00, 0x00, 0x00, 0x00, 0x00, 0x79, 0xB2, 0xB2, 0xB2, 0xB2, 0xB2, 0xA4, 0x95,
  0x9C, 0xA3, 0xAA, 0xB1, 0xAC, 0xA5, 0x96, 0x83, 0x66, 0x43, 0x16, 0x00, 0x00, 0x00, 0x00, 0x00,
  0x00, 0x00, 0x00, 0x00, 0x00, 0x00, 0x00, 0x00, 0x87, 0xB2, 0xB2, 0xB2, 0xB2, 0xB2, 0xB2, 0xB2,
  0xB2, 0xB2, 0xB2, 0xB2, 0xB2, 0xB2, 0xB2, 0xB2, 0xB2, 0xB2, 0xB2, 0x94, 0x53, 0x0D, 0x00, 0x00,
  0x00, 0x00, 0x00, 0x00, 0x00, 0x00, 0x00, 0x00, 0x94, 0xB2, 0xB2, 0xB2, 0xB2, 0xB2, 0xB2, 0xB2,
  0xB2, 0xB2, 0xB2, 0xB2, 0xB2, 0xB2, 0xB2, 0xB2, 0xB2, 0xB2, 0xB2, 0xB2, 0xB2, 0xAA, 0x5D, 0x07,
  0x00, 0x00, 0x00, 0x00, 0x00, 0x00, 0x00, 0x00, 0xA1, 0xB2, 0xB2, 0xB2, 0xB2, 0xB2, 0xB2, 0xB2,
  0xB2, 0xB2, 0xB2, 0xB2, 0xB2, 0xB2, 0xB2, 0xB2, 0xB2, 0xB2, 0xB2, 0xB2, 0xB2, 0xB2, 0xB2, 0x9B,
  0x25, 0x00, 0x00, 0x00, 0x00, 0x00, 0x00, 0x00, 0xAE, 0xB2, 0xB2, 0xB2, 0xB2, 0xB2, 0xB2, 0xB2,
  0xB2, 0xB2, 0xB2, 0xB2, 0xB2, 0xB2, 0xB2, 0xB2, 0xB2, 0xB2, 0xB2, 0xB2, 0xB2, 0xB2, 0xB2, 0xB2,
  0xAE, 0x3D, 0x00, 0x00, 0x00, 0x00, 0x00, 0x08, 0xB2, 0xB2, 0xB2, 0xB2, 0xB2, 0xAF, 0xA8, 0xA5,
  0xA3, 0xA5, 0xAF, 0xB2, 0xB2, 0xB2, 0xB2, 0xB2, 0xB2, 0xB2, 0xB2, 0xB2, 0xB2, 0xB2, 0xB2, 0xB2,
  0xB2, 0xB1, 0x3C, 0x00, 0x00, 0x00, 0x00, 0x05, 0x36, 0x25, 0x17, 0x0C, 0x02, 0x00, 0x00, 0x00,
  0x00, 0x00, 0x00, 0x07, 0x18, 0x3B, 0x5E, 0x90, 0xB2, 0xB2, 0xB2, 0xB2, 0xB2, 0xB2, 0xB2, 0xB2,
  0xB2, 0xB2, 0xAC, 0x20, 0x00, 0x00, 0x00, 0x00, 0x00, 0x00, 0x00, 0x00, 0x00, 0x00, 0x00, 0x00,
  0x00, 0x00, 0x00, 0x00, 0x00, 0x00, 0x00, 0x00, 0x21, 0x6D, 0xB1, 0xB2, 0xB2, 0xB2, 0xB2, 0xB2,
  0xB2, 0xB2, 0xB2, 0x8F, 0x02, 0x00, 0x00, 0x00, 0x00, 0x00, 0x00, 0x00, 0x00, 0x00, 0x00, 0x00,
  0x00, 0x00, 0x00, 0x00, 0x00, 0x00, 0x00, 0x00, 0x00, 0x00, 0x28, 0x95, 0xB2, 0xB2, 0xB2, 0xB2,
  0xB2, 0xB2, 0xB2, 0xB2, 0x42, 0x00, 0x00, 0x00, 0x00, 0x00, 0x00, 0x00, 0x00, 0x00, 0x00, 0x00,
  0x00, 0x00, 0x00, 0x00, 0x00, 0x00, 0x00, 0x00, 0x00, 0x00, 0x00, 0x0C, 0x8F, 0xB2, 0xB2, 0xB2,
  0xB2, 0xB2, 0xB2, 0xB2, 0x95, 0x00, 0x00, 0x00, 0x00, 0x00, 0x00, 0x00, 0x00, 0x00, 0x00, 0x00,
  0x00, 0x00, 0x00, 0x00, 0x00, 0x00, 0x00, 0x00, 0x00, 0x00, 0x00, 0x00, 0x0B, 0x9C, 0xB2, 0xB2,
  0xB2, 0xB2, 0xB2, 0xB2, 0xB2, 0x22, 0x00, 0x00, 0x00, 0x00, 0x00, 0x00, 0x00, 0x00, 0x00, 0x00,
  0x00, 0x00, 0x00, 0x00, 0x00, 0x00, 0x00, 0x00, 0x00, 0x00, 0x00, 0x00, 0x00, 0x36, 0xB2, 0xB2,
  0xB2, 0xB2, 0xB2, 0xB2, 0xB2, 0x56, 0x00, 0x00, 0x00, 0x00, 0x00, 0x00, 0x00, 0x00, 0x00, 0x00,
  0x00, 0x00, 0x00, 0x00, 0x00, 0x00, 0x00, 0x00, 0x00, 0x00, 0x00, 0x00, 0x00, 0x00, 0x8B, 0xB2,
  0xB2, 0xB2, 0xB2, 0xB2, 0xB2, 0x7E, 0x00, 0x00, 0x00, 0x00, 0x00, 0x00, 0x00, 0x00, 0x00, 0x00,
  0x00, 0x00, 0x00, 0x00, 0x00, 0x00, 0x00, 0x00, 0x00, 0x00, 0x00, 0x00, 0x00, 0x00, 0x51, 0xB2,
  0xB2, 0xB2, 0xB2, 0xB2, 0xB2, 0x9A, 0x00, 0x00, 0x00, 0x00, 0x00, 0x00, 0x00, 0x00, 0x00, 0x00,
  0x00, 0x00, 0x00, 0x00, 0x00, 0x00, 0x00, 0x00, 0x00, 0x00, 0x00, 0x00, 0x00, 0x00, 0x1F, 0xB2,
  0xB2, 0xB2, 0xB2, 0xB2, 0xB2, 0xAF, 0x00, 0x00, 0x00, 0x00, 0x00, 0x00, 0x00, 0x00, 0x00, 0x00,
  0x00, 0x00, 0x00, 0x00, 0x00, 0x00, 0x00, 0x00, 0x00, 0x00, 0x00, 0x00, 0x00, 0x00, 0x0B, 0xB2,
  0xB2, 0xB2, 0xB2, 0xB2, 0xB2, 0xB2, 0x04, 0x00, 0x00, 0x00, 0x00, 0x00, 0x00, 0x00, 0x00, 0x00,
  0x00, 0x00, 0x00, 0x00, 0x00, 0x00, 0x00, 0x00, 0x00, 0x00, 0x00, 0x00, 0x00, 0x00, 0x00, 0xAD,
  0xB2, 0xB2, 0xB2, 0xB2, 0xB2, 0xB2, 0x08, 0x00, 0x00, 0x00, 0x00, 0x00, 0x00, 0x00, 0x00, 0x00,
  0x00, 0x00, 0x00, 0x00, 0x00, 0x00, 0x00, 0x00, 0x00, 0x00, 0x00, 0x00, 0x00, 0x00, 0x01, 0xB0,
  0xB2, 0xB2, 0xB2, 0xB2, 0xB2, 0xB2, 0x01, 0x00, 0x00, 0x00, 0x00, 0x00, 0x00, 0x00, 0x00, 0x00,
  0x00, 0x00, 0x00, 0x00, 0x00, 0x00, 0x00, 0x00, 0x00, 0x00, 0x00, 0x00, 0x00, 0x00, 0x0F, 0xB2,
  0xB2, 0xB2, 0xB2, 0xB2, 0xB2, 0xA8, 0x00, 0x00, 0x00, 0x00, 0x00, 0x00, 0x00, 0x00, 0x00, 0x00,
  0x00, 0x00, 0x00, 0x00, 0x00, 0x00, 0x00, 0x00, 0x00, 0x00, 0x00, 0x00, 0x00, 0x00, 0x27, 0xB2,
  0xB2, 0xB2, 0xB2, 0xB2, 0xB2, 0x90, 0x00, 0x00, 0x00, 0x00, 0x00, 0x00, 0x00, 0x00, 0x00, 0x00,
  0x00, 0x00, 0x00, 0x00, 0x00, 0x00, 0x00, 0x00, 0x00, 0x00, 0x00, 0x00, 0x00, 0x00, 0x5C, 0xB2,
  0xB2, 0xB2, 0xB2, 0xB2, 0xB2, 0x71, 0x00, 0x00, 0x00, 0x00, 0x00, 0x00, 0x00, 0x00, 0x00, 0x00,
  0x00, 0x00, 0x00, 0x00, 0x00, 0x00, 0x00, 0x00, 0x00, 0x00, 0x00, 0x00, 0x00, 0x00, 0x95, 0xB2,
  0xB2, 0xB2, 0xB2, 0xB2, 0xB2, 0x46, 0x00, 0x00, 0x00, 0x00, 0x00, 0x00, 0x00, 0x00, 0x00, 0x00,
  0x00, 0x00, 0x00, 0x00, 0x00, 0x00, 0x00, 0x00, 0x00, 0x00, 0x00, 0x00, 0x00, 0x42, 0xB2, 0xB2,
  0xB2, 0xB2, 0xB2, 0xB2, 0xB1, 0x11, 0x00, 0x07, 0x00, 0x00, 0x00, 0x00, 0x00, 0x00, 0x00, 0x00,
  0x00, 0x00, 0x00, 0x00, 0x00, 0x00, 0x00, 0x00, 0x00, 0x00, 0x00, 0x00, 0x0F, 0xA0, 0xB2, 0xB2,
  0xB2, 0xB2, 0xB2, 0xB2, 0x80, 0x00, 0x00, 0x87, 0x27, 0x00, 0x00, 0x00, 0x00, 0x00, 0x00, 0x00,
  0x00, 0x00, 0x00, 0x00, 0x00, 0x00, 0x00, 0x00, 0x00, 0x00, 0x00, 0x09, 0x8F, 0xB2, 0xB2, 0xB2,
  0xB2, 0xB2, 0xB2, 0xB2, 0x2D, 0x00, 0x00, 0x9C, 0xB0, 0x5F, 0x07, 0x00, 0x00, 0x00, 0x00, 0x00,
  0x00, 0x00, 0x00, 0x00, 0x00, 0x00, 0x00, 0x00, 0x00, 0x00, 0x18, 0x8E, 0xB2, 0xB2, 0xB2, 0xB2,
  0xB2, 0xB2, 0xB2, 0x7F, 0x00, 0x00, 0x00, 0x9C, 0xB2, 0xB2, 0x9F, 0x48, 0x05, 0x00, 0x00, 0x00,
  0x00, 0x00, 0x00, 0x00, 0x00, 0x00, 0x00, 0x00, 0x06, 0x4C, 0xA9, 0xB2, 0xB2, 0xB2, 0xB2, 0xB2,
  0xB2, 0xB2, 0xA8, 0x16, 0x00, 0x00, 0x00, 0x9C, 0xB2, 0xB2, 0xB2, 0xB2, 0xA4, 0x67, 0x2F, 0x07,
  0x00, 0x00, 0x00, 0x00, 0x00, 0x07, 0x30, 0x5F, 0xA5, 0xB2, 0xB2, 0xB2, 0xB2, 0xB2, 0xB2, 0xB2,
  0xB2, 0xB1, 0x36, 0x00, 0x00, 0x00, 0x00, 0x9C, 0xB2, 0xB2, 0xB2, 0xB2, 0xB2, 0xB2, 0xB2, 0xB1,
  0x9B, 0x8A, 0x86, 0x91, 0x9E, 0xAF, 0xB2, 0xB2, 0xB2, 0xB2, 0xB2, 0xB2, 0xB2, 0xB2, 0xB2, 0xB2,
  0xB1, 0x46, 0x00, 0x00, 0x00, 0x00, 0x00, 0x9C, 0xB2, 0xB2, 0xB2, 0xB2, 0xB2, 0xB2, 0xB2, 0xB2,
  0xB2, 0xB2, 0xB2, 0xB2, 0xB2, 0xB2, 0xB2, 0xB2, 0xB2, 0xB2, 0xB2, 0xB2, 0xB2, 0xB2, 0xB2, 0xAD,
  0x40, 0x00, 0x00, 0x00, 0x00, 0x00, 0x00, 0x9C, 0xB2, 0xB2, 0xB2, 0xB2, 0xB2, 0xB2, 0xB2, 0xB2,
  0xB2, 0xB2, 0xB2, 0xB2, 0xB2, 0xB2, 0xB2, 0xB2, 0xB2, 0xB2, 0xB2, 0xB2, 0xB2, 0xB2, 0x95, 0x24,
  0x00, 0x00, 0x00, 0x00, 0x00, 0x00, 0x00, 0x86, 0xB2, 0xB2, 0xB2, 0xB2, 0xB2, 0xB2, 0xB2, 0xB2,
  0xB2, 0xB2, 0xB2, 0xB2, 0xB2, 0xB2, 0xB2, 0xB2, 0xB2, 0xB2, 0xB2, 0xB2, 0xA6, 0x54, 0x04, 0x00,
  0x00, 0x00, 0x00, 0x00, 0x00, 0x00, 0x00, 0x00, 0x3A, 0x85, 0xAF, 0xB2, 0xB2, 0xB2, 0xB2, 0xB2,
  0xB2, 0xB2, 0xB2, 0xB2, 0xB2, 0xB2, 0xB2, 0xB2, 0xB2, 0xB1, 0x8E, 0x4A, 0x09, 0x00, 0x00, 0x00,
  0x00, 0x00, 0x00, 0x00, 0x00, 0x00, 0x00, 0x00, 0x00, 0x00, 0x09, 0x38, 0x5A, 0x74, 0x8D, 0x9D,
  0xA4, 0xAC, 0xB1, 0xAD, 0xA6, 0x97, 0x82, 0x64, 0x41, 0x12, 0x00, 0x00, 0x00, 0x00, 0x00, 0x00,
  0x00, 0x00, 0x00, 0x00, 0x00, 0x00, 0x00, 0x00, 0x00, 0x00, 0x00, 0x00, 0x00, 0x00, 0x00, 0x00,
  0x00, 0x00, 0x00, 0x00, 0x00, 0x00, 0x00, 0x0D, 0x3F, 0x66, 0x85, 0x9C, 0xA7, 0xAF, 0xAC, 0xA4,
  0x99, 0x80, 0x66, 0x3C, 0x0B, 0x00, 0x00, 0x00, 0x00, 0x00, 0x00, 0x00, 0x00, 0x00, 0x00, 0x00,
  0x00, 0x00, 0x00, 0x00, 0x00, 0x00, 0x00, 0x00, 0x01, 0x36, 0x83, 0xB0, 0xB2, 0xB2, 0xB2, 0xB2,
  0xB2, 0xB2, 0xB2, 0xB2, 0xB2, 0xB2, 0xB2, 0xB2, 0xB0, 0x79, 0x25, 0x00, 0x00, 0x00, 0x00, 0x00,
  0x00, 0x00, 0x00, 0x00, 0x00, 0x00, 0x00, 0x00, 0x00, 0x00, 0x00, 0x2E, 0x95, 0xB2, 0xB2, 0xB2,
  0xB2, 0xB2, 0xB2, 0xB2, 0xB2, 0xB2, 0xB2, 0xB2, 0xB2, 0xB2, 0xB2, 0xB2, 0xB2, 0xB2, 0x8E, 0x00,
  0x00, 0x00, 0x00, 0x00, 0x00, 0x00, 0x00, 0x00, 0x00, 0x00, 0x00, 0x00, 0x00, 0x07, 0x70, 0xB2,
  0xB2, 0xB2, 0xB2, 0xB2, 0xB2, 0xB2, 0xB2, 0xB2, 0xB2, 0xB2, 0xB2, 0xB2, 0xB2, 0xB2, 0xB2, 0xB2,
  0xB2, 0xB2, 0x8E, 0x00, 0x00, 0x00, 0x00, 0x00, 0x00, 0x00, 0x00, 0x00, 0x00, 0x00, 0x00, 0x00,
  0x17, 0x93, 0xB2, 0xB2, 0xB2, 0xB2, 0xB2, 0xB2, 0xB2, 0xB2, 0xB2, 0xB2, 0xB2, 0xB2, 0xB2, 0xB2,
  0xB2, 0xB2, 0xB2, 0xB2, 0xB2, 0xB2, 0x8E, 0x00, 0x00, 0x00, 0x00, 0x00, 0x00, 0x00, 0x00, 0x00,
  0x00, 0x00, 0x00, 0x1A, 0xA0, 0xB2, 0xB2, 0xB2, 0xB2, 0xB2, 0xB2, 0xB2, 0xB2, 0xB2, 0xB2, 0xA9,
  0x92, 0x87, 0x8B, 0x97, 0xAA, 0xB2, 0xB2, 0xB2, 0xB2, 0xB2, 0x8E, 0x00, 0x00, 0x00, 0x00, 0x00,
  0x00, 0x00, 0x00, 0x00, 0x00, 0x00, 0x17, 0xA1, 0xB2, 0xB2, 0xB2, 0xB2, 0xB2, 0xB2, 0xB2, 0xB2,
  0x92, 0x4F, 0x19, 0x00, 0x00, 0x00, 0x00, 0x00, 0x01, 0x1E, 0x46, 0x85, 0xB1, 0xB2, 0x8E, 0x00,
  0x00, 0x00, 0x00, 0x00, 0x00, 0x00, 0x00, 0x00, 0x00, 0x07, 0x92, 0xB2, 0xB2, 0xB2, 0xB2, 0xB2,
  0xB2, 0xB2, 0x9B, 0x35, 0x00, 0x00, 0x00, 0x00, 0x00, 0x00, 0x00, 0x00, 0x00, 0x00, 0x00, 0x00,
  0x15, 0x69, 0x89, 0x00, 0x00, 0x00, 0x00, 0x00, 0x00, 0x00, 0x00, 0x00, 0x00, 0x74, 0xB2, 0xB2,
  0xB2, 0xB2, 0xB2, 0xB2, 0xB2, 0x74, 0x07, 0x00, 0x00, 0x00, 0x00, 0x00, 0x00, 0x00, 0x00, 0x00,
  0x00, 0x00, 0x00, 0x00, 0x00, 0x00, 0x0A, 0x00, 0x00, 0x00, 0x00, 0x00, 0x00, 0x00, 0x00, 0x00,
  0x3B, 0xB2, 0xB2, 0xB2, 0xB2, 0xB2, 0xB2, 0xB2, 0x62, 0x00, 0x00, 0x00, 0x00, 0x00, 0x00, 0x00,
  0x00, 0x00, 0x00, 0x00, 0x00, 0x00, 0x00, 0x00, 0x00, 0x00, 0x00, 0x00, 0x00, 0x00, 0x00, 0x00,
  0x00, 0x00, 0x00, 0x0C, 0xA3, 0xB2, 0xB2, 0xB2, 0xB2, 0xB2, 0xB2, 0x6D, 0x00, 0x00, 0x00, 0x00,
  0x00, 0x00, 0x00, 0x00, 0x00, 0x00, 0x00, 0x00, 0x00, 0x00, 0x00, 0x00, 0x00, 0x00, 0x00, 0x00,
  0x00, 0x00, 0x00, 0x00, 0x00, 0x00, 0x00, 0x61, 0xB2, 0xB2, 0xB2, 0xB2, 0xB2, 0xB2, 0x8D, 0x04,
  0x00, 0x00, 0x00, 0x00, 0x00, 0x00, 0x00, 0x00, 0x00, 0x00, 0x00, 0x00, 0x00, 0x00, 0x00, 0x00,
  0x00, 0x00, 0x00, 0x00, 0x00, 0x00, 0x00, 0x00, 0x00, 0x00, 0x12, 0xAC, 0xB2, 0xB2, 0xB2, 0xB2,
  0xB2, 0xAE, 0x1C, 0x00, 0x00, 0x00, 0x00, 0x00, 0x00, 0x00, 0x00, 0x00, 0x00, 0x00, 0x00, 0x00,
  0x00, 0x00, 0x00, 0x00, 0x00, 0x00, 0x00, 0x00, 0x00, 0x00, 0x00, 0x00, 0x00, 0x00, 0x61, 0xB2,
  0xB2, 0xB2, 0xB2, 0xB2, 0xB2, 0x5C, 0x00, 0x00, 0x00, 0x00, 0x00, 0x00, 0x00, 0x00, 0x00, 0x00,
  0x00, 0x00, 0x00, 0x00, 0x00, 0x00, 0x00, 0x00, 0x00, 0x00, 0x00, 0x00, 0x00, 0x00, 0x00, 0x00,
  0x00, 0x05, 0xA5, 0xB2, 0xB2, 0xB2, 0xB2, 0xB2, 0xA8, 0x0B, 0x00, 0x00, 0x00, 0x00, 0x00, 0x00,
  0x00, 0x00, 0x00, 0x00, 0x00, 0x00, 0x00, 0x00, 0x00, 0x00, 0x00, 0x00, 0x00, 0x00, 0x00, 0x00,
  0x00, 0x00, 0x00, 0x00, 0x00, 0x41, 0xB2, 0xB2, 0xB2, 0xB2, 0xB2, 0xB2, 0x5F, 0x00, 0x00, 0x00,
  0x00, 0x00, 0x00, 0x00, 0x00, 0x00, 0x00, 0x00, 0x00, 0x00, 0x00, 0x00, 0x00, 0x00, 0x00, 0x00,
  0x00, 0x00, 0x00, 0x00, 0x00, 0x00, 0x00, 0x00, 0x00, 0x7D, 0xB2, 0xB2, 0xB2, 0xB2, 0xB2, 0xB1,
  0x19, 0x00, 0x00, 0x00, 0x00, 0x00, 0x00, 0x00, 0x00, 0x00, 0x00, 0x00, 0x00, 0x00, 0x00, 0x00,
  0x00, 0x00, 0x00, 0x00, 0x00, 0x00, 0x00, 0x00, 0x00, 0x00, 0x00, 0x00, 0x08, 0xAD, 0xB2, 0xB2,
  0xB2, 0xB2, 0xB2, 0x8C, 0x00, 0x00, 0x00, 0x00, 0x00, 0x00, 0x00, 0x00, 0x00, 0x00, 0x00, 0x00,
  0x00, 0x00, 0x00, 0x00, 0x00, 0x00, 0x00, 0x00, 0x00, 0x00, 0x00, 0x00, 0x00, 0x00, 0x00, 0x00,
  0x38, 0xB2, 0xB2, 0xB2, 0xB2, 0xB2, 0xB2, 0x56, 0x00, 0x00, 0x00, 0x00, 0x00, 0x00, 0x00, 0x00,
  0x00, 0x00, 0x00, 0x00, 0x00, 0x00, 0x00, 0x00, 0x00, 0x00, 0x00, 0x00, 0x00, 0x00, 0x00, 0x00,
  0x00, 0x00, 0x00, 0x00, 0x63, 0xB2, 0xB2, 0xB2, 0xB2, 0xB2, 0xB2, 0x26, 0x00, 0x00, 0x00, 0x00,
  0x00, 0x00, 0x00, 0x00, 0x00, 0x00, 0x00, 0x00, 0x00, 0x00, 0x00, 0x00, 0x00, 0x00, 0x00, 0x00,
  0x00, 0x00, 0x00, 0x00, 0x00, 0x00, 0x00, 0x00, 0x8C, 0xB2, 0xB2, 0xB2, 0xB2, 0xB2, 0xAC, 0x04,
  0x00, 0x00, 0x00, 0x00, 0x00, 0x00, 0x00, 0x00, 0x00, 0x00, 0x00, 0x00, 0x00, 0x00, 0x00, 0x00,
  0x00, 0x00, 0x00, 0x00, 0x00, 0x00, 0x00, 0x00, 0x00, 0x00, 0x00, 0x03, 0xAF, 0xB2, 0xB2, 0xB2,
  0xB2, 0xB2, 0x8D, 0x00, 0x00, 0x00, 0x00, 0x00, 0x00, 0x14, 0x4E, 0x76, 0x97, 0xA6, 0xAF, 0xAC,
  0xA2, 0x8C, 0x6C, 0x41, 0x0B, 0x00, 0x00, 0x00, 0x00, 0x00, 0x00, 0x00, 0x00, 0x00, 0x00, 0x1C,
  0xB2, 0xB2, 0xB2, 0xB2, 0xB2, 0xB2, 0x72, 0x00, 0x00, 0x00, 0x00, 0x20, 0x7B, 0xB1, 0xB2, 0xB2,
  0xB2, 0xB2, 0xB2, 0xB2, 0xB2, 0xB2, 0xB2, 0xB2, 0xAE, 0x72, 0x1C, 0x00, 0x00, 0x00, 0x00, 0x00,
  0x00, 0x00, 0x00, 0x38, 0xB2, 0xB2, 0xB2, 0xB2, 0xB2, 0xB2, 0x58, 0x00, 0x00, 0x02, 0x57, 0xAF,
  0xB2, 0xB2, 0xB2, 0xB2, 0xB2, 0xB2, 0xB2, 0xB2, 0xB2, 0xB2, 0xB2, 0xB2, 0xB2, 0xB2, 0xAF, 0x5D,
  0x02, 0x00, 0x00, 0x00, 0x00, 0x00, 0x00, 0x51, 0xB2, 0xB2, 0xB2, 0xB2, 0xB2, 0xB2, 0x46, 0x00,
  0x02, 0x75, 0xB2, 0xB2, 0xB2, 0xB2, 0xB2, 0xB2, 0xB2, 0xB2, 0xB2, 0xB2, 0xB2, 0xB2, 0xB2, 0xB2,
  0xB2, 0xB2, 0xB2, 0xB2, 0x87, 0x0B, 0x00, 0x00, 0x00, 0x00, 0x00, 0x62, 0xB2, 0xB2, 0xB2, 0xB2,
  0xB2, 0xB2, 0x36, 0x00, 0x70, 0xB2, 0xB2, 0xB2, 0xB2, 0xB2, 0xB2, 0xB2, 0xB2, 0xB2, 0xB2, 0xB2,
  0xB2, 0xB2, 0xB2, 0xB2, 0xB2, 0xB2, 0xB2, 0xB2, 0xB2, 0x90, 0x0A, 0x00, 0x00, 0x00, 0x00, 0x72,
  0xB2, 0xB2, 0xB2, 0xB2, 0xB2, 0xB2, 0x2C, 0x48, 0xB2, 0xB2, 0xB2, 0xB2, 0xB2, 0xB2, 0xAC, 0x96,
  0x86, 0x85, 0x95, 0xA9, 0xB2, 0xB2, 0xB2, 0xB2, 0xB2, 0xB2, 0xB2, 0xB2, 0xB2, 0xB2, 0x80, 0x01,
  0x00, 0x00, 0x00, 0x82, 0xB2, 0xB2, 0xB2, 0xB2, 0xB2, 0xB2, 0x38, 0xAA, 0xB2, 0xB2, 0xB2, 0xB2,
  0x77, 0x33, 0x05, 0x00, 0x00, 0x00, 0x00, 0x02, 0x2B, 0x69, 0xAF, 0xB2, 0xB2, 0xB2, 0xB2, 0xB2,
  0xB2, 0xB2, 0xB2, 0x4F, 0x00, 0x00, 0x00, 0x89, 0xB2, 0xB2, 0xB2, 0xB2, 0xB2, 0xB2, 0x97, 0xB2,
  0xB2, 0xB2, 0x9B, 0x27, 0x00, 0x00, 0x00, 0x00, 0x00, 0x00, 0x00, 0x00, 0x00, 0x00, 0x1B, 0x8E,
  0xB2, 0xB2, 0xB2, 0xB2, 0xB2, 0xB2, 0xB2, 0xAA, 0x10, 0x00, 0x00, 0x8E, 0xB2, 0xB2, 0xB2, 0xB2,
  0xB2, 0xB2, 0xB2, 0xB2, 0xB2, 0x8F, 0x10, 0x00, 0x00, 0x00, 0x00, 0x00, 0x00, 0x00, 0x00, 0x00,
  0x00, 0x00, 0x00, 0x09, 0x87, 0xB2, 0xB2, 0xB2, 0xB2, 0xB2, 0xB2, 0xB2, 0x63, 0x00, 0x00, 0x93,
  0xB2, 0xB2, 0xB2, 0xB2, 0xB2, 0xB2, 0xB2, 0xB2, 0xA1, 0x10, 0x00, 0x00, 0x00, 0x00, 0x00, 0x00,
  0x00, 0x00, 0x00, 0x00, 0x00, 0x00, 0x00, 0x00, 0x0E, 0xA3, 0xB2, 0xB2, 0xB2, 0xB2, 0xB2, 0xB2,
  0xA7, 0x06, 0x00, 0x95, 0xB2, 0xB2, 0xB2, 0xB2, 0xB2, 0xB2, 0xB2, 0xB2, 0x2E, 0x00, 0x00, 0x00,
  0x00, 0x00, 0x00, 0x00, 0x00, 0x00, 0x00, 0x00, 0x00, 0x00, 0x00, 0x00, 0x00, 0x3E, 0xB2, 0xB2,
  0xB2, 0xB2, 0xB2, 0xB2, 0xB2, 0x37, 0x00, 0x91, 0xB2, 0xB2, 0xB2, 0xB2, 0xB2, 0xB2, 0xB2, 0x81,
  0x00, 0x00, 0x00, 0x00, 0x00, 0x00, 0x00, 0x00, 0x00, 0x00, 0x00, 0x00, 0x00, 0x00, 0x00, 0x00,
  0x00, 0x02, 0x9E, 0xB2, 0xB2, 0xB2, 0xB2, 0xB2, 0xB2, 0x69, 0x00, 0x8D, 0xB2, 0xB2, 0xB2, 0xB2,
  0xB2, 0xB2, 0xB2, 0x31, 0x00, 0x00, 0x00, 0x00, 0x00, 0x00, 0x00, 0x00, 0x00, 0x00, 0x00, 0x00,
  0x00, 0x00, 0x00, 0x00, 0x00, 0x00, 0x5A, 0xB2, 0xB2, 0xB2, 0xB2, 0xB2, 0xB2, 0x8F, 0x00, 0x85,
  0xB2, 0xB2, 0xB2, 0xB2, 0xB2, 0xB2, 0xAB, 0x04, 0x00, 0x00, 0x00, 0x00, 0x00, 0x00, 0x00, 0x00,
  0x00, 0x00, 0x00, 0x00, 0x00, 0x00, 0x00, 0x00, 0x00, 0x00, 0x2E, 0xB2, 0xB2, 0xB2, 0xB2, 0xB2,
  0xB2, 0xAC, 0x00, 0x76, 0xB2, 0xB2, 0xB2, 0xB2, 0xB2, 0xB2, 0x89, 0x00, 0x00, 0x00, 0x00, 0x00,
  0x00, 0x00, 0x00, 0x00, 0x00, 0x00, 0x00, 0x00, 0x00, 0x00, 0x00, 0x00, 0x00, 0x00, 0x09, 0xB1,
  0xB2, 0xB2, 0xB2, 0xB2, 0xB2, 0xB2, 0x0E, 0x66, 0xB2, 0xB2, 0xB2, 0xB2, 0xB2, 0xB2, 0x79, 0x00,
  0x00, 0x00, 0x00, 0x00, 0x00, 0x00, 0x00, 0x00, 0x00, 0x00, 0x00, 0x00, 0x00, 0x00, 0x00, 0x00,
  0x00, 0x00, 0x00, 0xA5, 0xB2, 0xB2, 0xB2, 0xB2, 0xB2, 0xB2, 0x1B, 0x51, 0xB2, 0xB2, 0xB2, 0xB2,
  0xB2, 0xB2, 0x70, 0x00, 0x00, 0x00, 0x00, 0x00, 0x00, 0x00, 0x00, 0x00, 0x00, 0x00, 0x00, 0x00,
  0x00, 0x00, 0x00, 0x00, 0x00, 0x00, 0x00, 0x9A, 0xB2, 0xB2, 0xB2, 0xB2, 0xB2, 0xB2, 0x21, 0x37,
  0xB2, 0xB2, 0xB2, 0xB2, 0xB2, 0xB2, 0x7B, 0x00, 0x00, 0x00, 0x00, 0x00, 0x00, 0x00, 0x00, 0x00,
  0x00, 0x00, 0x00, 0x00, 0x00, 0x00, 0x00, 0x00, 0x00, 0x00, 0x00, 0x91, 0xB2, 0xB2, 0xB2, 0xB2,
  0xB2, 0xB2, 0x1E, 0x1A, 0xB2, 0xB2, 0xB2, 0xB2, 0xB2, 0xB2, 0x87, 0x00, 0x00, 0x00, 0x00, 0x00,
  0x00, 0x00, 0x00, 0x00, 0x00, 0x00, 0x00, 0x00, 0x00, 0x00, 0x00, 0x00, 0x00, 0x00, 0x00, 0x9B,
  0xB2, 0xB2, 0xB2, 0xB2, 0xB2, 0xB2, 0x17, 0x00, 0xA6, 0xB2, 0xB2, 0xB2, 0xB2, 0xB2, 0xA3, 0x00,
  0x00, 0x00, 0x00, 0x00, 0x00, 0x00, 0x00, 0x00, 0x00, 0x00, 0x00, 0x00, 0x00, 0x00, 0x00, 0x00,
  0x00, 0x00, 0x00, 0xA8, 0xB2, 0xB2, 0xB2, 0xB2, 0xB2, 0xB2, 0x06, 0x00, 0x80, 0xB2, 0xB2, 0xB2,
  0xB2, 0xB2, 0xB2, 0x19, 0x00, 0x00, 0x00, 0x00, 0x00, 0x00, 0x00, 0x00, 0x00, 0x00, 0x00, 0x00,
  0x00, 0x00, 0x00, 0x00, 0x00, 0x00, 0x10, 0xB2, 0xB2, 0xB2, 0xB2, 0xB2, 0xB2, 0xA1, 0x00, 0x00,
  0x4E, 0xB2, 0xB2, 0xB2, 0xB2, 0xB2, 0xB2, 0x4A, 0x00, 0x00, 0x00, 0x00, 0x00, 0x00, 0x00, 0x00,
  0x00, 0x00, 0x00, 0x00, 0x00, 0x00, 0x00, 0x00, 0x00, 0x00, 0x3A, 0xB2, 0xB2, 0xB2, 0xB2, 0xB2,
  0xB2, 0x7D, 0x00, 0x00, 0x18, 0xB2, 0xB2, 0xB2, 0xB2, 0xB2, 0xB2, 0x91, 0x00, 0x00, 0x00, 0x00,
  0x00, 0x00, 0x00, 0x00, 0x00, 0x00, 0x00, 0x00, 0x00, 0x00, 0x00, 0x00, 0x00, 0x00, 0x6E, 0xB2,
  0xB2, 0xB2, 0xB2, 0xB2, 0xB2, 0x53, 0x00, 0x00, 0x00, 0x8C, 0xB2, 0xB2, 0xB2, 0xB2, 0xB2, 0xB2,
  0x2C, 0x00, 0x00, 0x00, 0x00, 0x00, 0x00, 0x00, 0x00, 0x00, 0x00, 0x00, 0x00, 0x00, 0x00, 0x00,
  0x00, 0x0E, 0xAC, 0xB2, 0xB2, 0xB2, 0xB2, 0xB2, 0xB2, 0x1C, 0x00, 0x00, 0x00, 0x44, 0xB2, 0xB2,
  0xB2, 0xB2, 0xB2, 0xB2, 0x94, 0x03, 0x00, 0x00, 0x00, 0x00, 0x00, 0x00, 0x00, 0x00, 0x00, 0x00,
  0x00, 0x00, 0x00, 0x00, 0x00, 0x64, 0xB2, 0xB2, 0xB2, 0xB2, 0xB2, 0xB2, 0x8D, 0x00, 0x00, 0x00,
  0x00, 0x05, 0xA0, 0xB2, 0xB2, 0xB2, 0xB2, 0xB2, 0xB2, 0x5C, 0x00, 0x00, 0x00, 0x00, 0x00, 0x00,
  0x00, 0x00, 0x00, 0x00, 0x00, 0x00, 0x00, 0x00, 0x2D, 0xB1, 0xB2, 0xB2, 0xB2, 0xB2, 0xB2, 0xB2,
  0x3E, 0x00, 0x00, 0x00, 0x00, 0x00, 0x49, 0xB2, 0xB2, 0xB2, 0xB2, 0xB2, 0xB2, 0xB2, 0x49, 0x00,
  0x00, 0x00, 0x00, 0x00, 0x00, 0x00, 0x00, 0x00, 0x00, 0x00, 0x00, 0x23, 0xA4, 0xB2, 0xB2, 0xB2,
  0xB2, 0xB2, 0xB2, 0x91, 0x01, 0x00, 0x00, 0x00, 0x00, 0x00, 0x02, 0x8E, 0xB2, 0xB2, 0xB2, 0xB2,
  0xB2, 0xB2, 0xB1, 0x5D, 0x04, 0x00, 0x00, 0x00, 0x00, 0x00, 0x00, 0x00, 0x00, 0x00, 0x39, 0xA8,
  0xB2, 0xB2, 0xB2, 0xB2, 0xB2, 0xB2, 0xB0, 0x28, 0x00, 0x00, 0x00, 0x00, 0x00, 0x00, 0x00, 0x1F,
  0xAC, 0xB2, 0xB2, 0xB2, 0xB2, 0xB2, 0xB2, 0xB2, 0x95, 0x48, 0x0D, 0x00, 0x00, 0x00, 0x00, 0x06,
  0x38, 0x82, 0xB2, 0xB2, 0xB2, 0xB2, 0xB2, 0xB2, 0xB2, 0xB2, 0x58, 0x00, 0x00, 0x00, 0x00, 0x00,
  0x00, 0x00, 0x00, 0x00, 0x3E, 0xB2, 0xB2, 0xB2, 0xB2, 0xB2, 0xB2, 0xB2, 0xB2, 0xB2, 0xAF, 0x9B,
  0x88, 0x85, 0x95, 0xAC, 0xB2, 0xB2, 0xB2, 0xB2, 0xB2, 0xB2, 0xB2, 0xB2, 0xB2, 0x75, 0x00, 0x00,
  0x00, 0x00, 0x00, 0x00, 0x00, 0x00, 0x00, 0x00, 0x00, 0x4E, 0xB2, 0xB2, 0xB2, 0xB2, 0xB2, 0xB2,
  0xB2, 0xB2, 0xB2, 0xB2, 0xB2, 0xB2, 0xB2, 0xB2, 0xB2, 0xB2, 0xB2, 0xB2, 0xB2, 0xB2, 0xB2, 0xB2,
  0x77, 0x03, 0x00, 0x00, 0x00, 0x00, 0x00, 0x00, 0x00, 0x00, 0x00, 0x00, 0x00, 0x00, 0x43, 0xAC,
  0xB2, 0xB2, 0xB2, 0xB2, 0xB2, 0xB2, 0xB2, 0xB2, 0xB2, 0xB2, 0xB2, 0xB2, 0xB2, 0xB2, 0xB2, 0xB2,
  0xB2, 0xB2, 0xB1, 0x5F, 0x02, 0x00, 0x00, 0x00, 0x00, 0x00, 0x00, 0x00, 0x00, 0x00, 0x00, 0x00,
  0x00, 0x00, 0x00, 0x21, 0x8F, 0xB2, 0xB2, 0xB2, 0xB2, 0xB2, 0xB2, 0xB2, 0xB2, 0xB2, 0xB2, 0xB2,
  0xB2, 0xB2, 0xB2, 0xB2, 0xB2, 0x98, 0x2F, 0x00, 0x00, 0x00, 0x00, 0x00, 0x00, 0x00, 0x00, 0x00,
  0x00, 0x00, 0x00, 0x00, 0x00, 0x00, 0x00, 0x00, 0x01, 0x41, 0x90, 0xB2, 0xB2, 0xB2, 0xB2, 0xB2,
  0xB2, 0xB2, 0xB2, 0xB2, 0xB2, 0xB2, 0xB2, 0x93, 0x45, 0x04, 0x00, 0x00, 0x00, 0x00, 0x00, 0x00,
  0x00, 0x00, 0x00, 0x00, 0x00, 0x00, 0x00, 0x00, 0x00, 0x00, 0x00, 0x00, 0x00, 0x00, 0x00, 0x20,
  0x52, 0x79, 0x96, 0xA7, 0xAF, 0xAF, 0xA6, 0x93, 0x78, 0x50, 0x1F, 0x00, 0x00, 0x00, 0x00, 0x00,
  0x00, 0x00, 0x00, 0x00, 0x00, 0x00, 0x00, 0x10, 0xB2, 0xB2, 0xB2, 0xB2, 0xB2, 0xB2, 0xB2, 0xB2,
  0xB2, 0xB2, 0xB2, 0xB2, 0xB2, 0xB2, 0xB2, 0xB2, 0xB2, 0xB2, 0xB2, 0xB2, 0xB2, 0xB2, 0xB2, 0xB2,
  0xB2, 0xB2, 0xB2, 0xB2, 0xB2, 0xB2, 0xB2, 0xB2, 0xB2, 0xB2, 0x59, 0x10, 0xB2, 0xB2, 0xB2, 0xB2,
  0xB2, 0xB2, 0xB2, 0xB2, 0xB2, 0xB2, 0xB2, 0xB2, 0xB2, 0xB2, 0xB2, 0xB2, 0xB2, 0xB2, 0xB2, 0xB2,
  0xB2, 0xB2, 0xB2, 0xB2, 0xB2, 0xB2, 0xB2, 0xB2, 0xB2, 0xB2, 0xB2, 0xB2, 0xB2, 0xB2, 0x59, 0x10,
  0xB2, 0xB2, 0xB2, 0xB2, 0xB2, 0xB2, 0xB2, 0xB2, 0xB2, 0xB2, 0xB2, 0xB2, 0xB2, 0xB2, 0xB2, 0xB2,
  0xB2, 0xB2, 0xB2, 0xB2, 0xB2, 0xB2, 0xB2, 0xB2, 0xB2, 0xB2, 0xB2, 0xB2, 0xB2, 0xB2, 0xB2, 0xB2,
  0xB2, 0xB2, 0x59, 0x10, 0xB2, 0xB2, 0xB2, 0xB2, 0xB2, 0xB2, 0xB2, 0xB2, 0xB2, 0xB2, 0xB2, 0xB2,
  0xB2, 0xB2, 0xB2, 0xB2, 0xB2, 0xB2, 0xB2, 0xB2, 0xB2, 0xB2, 0xB2, 0xB2, 0xB2, 0xB2, 0xB2, 0xB2,
  0xB2, 0xB2, 0xB2, 0xB2, 0xB2, 0xB2, 0x59, 0x10, 0xB2, 0xB2, 0xB2, 0xB2, 0xB2, 0xB2, 0xB2, 0xB2,
  0xB2, 0xB2, 0xB2, 0xB2, 0xB2, 0xB2, 0xB2, 0xB2, 0xB2, 0xB2, 0xB2, 0xB2, 0xB2, 0xB2, 0xB2, 0xB2,
  0xB2, 0xB2, 0xB2, 0xB2, 0xB2, 0xB2, 0xB2, 0xB2, 0xB2, 0xB2, 0x3C, 0x10, 0xB2, 0xB2, 0xB2, 0xB2,
  0xB2, 0xB2, 0xB2, 0xB2, 0xB2, 0xB2, 0xB2, 0xB2, 0xB2, 0xB2, 0xB2, 0xB2, 0xB2, 0xB2, 0xB2, 0xB2,
  0xB2, 0xB2, 0xB2, 0xB2, 0xB2, 0xB2, 0xB2, 0xB2, 0xB2, 0xB2, 0xB2, 0xB2, 0xB2, 0x8E, 0x00, 0x00,
  0x0E, 0x0E, 0x0E, 0x0E, 0x0E, 0x0E, 0x0E, 0x0E, 0x0E, 0x0E, 0x0E, 0x0E, 0x0E, 0x0E, 0x0E, 0x0E,
  0x0E, 0x0E, 0x0E, 0x0E, 0x0E, 0x0E, 0x0E, 0x0E, 0x0E, 0x0E, 0x47, 0xB2, 0xB2, 0xB2, 0xB2, 0xB2,
  0xB2, 0x2C, 0x00, 0x00, 0x00, 0x00, 0x00, 0x00, 0x00, 0x00, 0x00, 0x00, 0x00, 0x00, 0x00, 0x00,
  0x00, 0x00, 0x00, 0x00, 0x00, 0x00, 0x00, 0x00, 0x00, 0x00, 0x00, 0x00, 0x00, 0x04, 0x9A, 0xB2,
  0xB2, 0xB2, 0xB2, 0xB2, 0x7A, 0x00, 0x00, 0x00, 0x00, 0x00, 0x00, 0x00, 0x00, 0x00, 0x00, 0x00,
  0x00, 0x00, 0x00, 0x00, 0x00, 0x00, 0x00, 0x00, 0x00, 0x00, 0x00, 0x00, 0x00, 0x00, 0x00, 0x00,
  0x00, 0x50, 0xB2, 0xB2, 0xB2, 0xB2, 0xB2, 0xAF, 0x1A, 0x00, 0x00, 0x00, 0x00, 0x00, 0x00, 0x00,
  0x00, 0x00, 0x00, 0x00, 0x00, 0x00, 0x00, 0x00, 0x00, 0x00, 0x00, 0x00, 0x00, 0x00, 0x00, 0x00,
  0x00, 0x00, 0x00, 0x00, 0x0C, 0xA7, 0xB2, 0xB2, 0xB2, 0xB2, 0xB2, 0x66, 0x00, 0x00, 0x00, 0x00,
  0x00, 0x00, 0x00, 0x00, 0x00, 0x00, 0x00, 0x00, 0x00, 0x00, 0x00, 0x00, 0x00, 0x00, 0x00, 0x00,
  0x00, 0x00, 0x00, 0x00, 0x00, 0x00, 0x00, 0x00, 0x65, 0xB2, 0xB2, 0xB2, 0xB2, 0xB2, 0xA7, 0x0D,
  0x00, 0x00, 0x00, 0x00, 0x00, 0x00, 0x00, 0x00, 0x00, 0x00, 0x00, 0x00, 0x00, 0x00, 0x00, 0x00,
  0x00, 0x00, 0x00, 0x00, 0x00, 0x00, 0x00, 0x00, 0x00, 0x00, 0x00, 0x19, 0xAF, 0xB2, 0xB2, 0xB2,
  0xB2, 0xB2, 0x51, 0x00, 0x00, 0x00, 0x00, 0x00, 0x00, 0x00, 0x00, 0x00, 0x00, 0x00, 0x00, 0x00,
  0x00, 0x00, 0x00, 0x00, 0x00, 0x00, 0x00, 0x00, 0x00, 0x00, 0x00, 0x00, 0x00, 0x00, 0x00, 0x7A,
  0xB2, 0xB2, 0xB2, 0xB2, 0xB2, 0xA1, 0x06, 0x00, 0x00, 0x00, 0x00, 0x00, 0x00, 0x00, 0x00, 0x00,
  0x00, 0x00, 0x00, 0x00, 0x00, 0x00, 0x00, 0x00, 0x00, 0x00, 0x00, 0x00, 0x00, 0x00, 0x00, 0x00,
  0x00, 0x00, 0x27, 0xB2, 0xB2, 0xB2, 0xB2, 0xB2, 0xB2, 0x4C, 0x00, 0x00, 0x00, 0x00, 0x00, 0x00,
  0x00, 0x00, 0x00, 0x00, 0x00, 0x00, 0x00, 0x00, 0x00, 0x00, 0x00, 0x00, 0x00, 0x00, 0x00, 0x00,
  0x00, 0x00, 0x00, 0x00, 0x00, 0x00, 0x84, 0xB2, 0xB2, 0xB2, 0xB2, 0xB2, 0x9E, 0x04, 0x00, 0x00,
  0x00, 0x00, 0x00, 0x00, 0x00, 0x00, 0x00, 0x00, 0x00, 0x00, 0x00, 0x00, 0x00, 0x00, 0x00, 0x00,
  0x00, 0x00, 0x00, 0x00, 0x00, 0x00, 0x00, 0x00, 0x00, 0x2D, 0xB2, 0xB2, 0xB2, 0xB2, 0xB2, 0xB2,
  0x47, 0x00, 0x00, 0x00, 0x00, 0x00, 0x00, 0x00, 0x00, 0x00, 0x00, 0x00, 0x00, 0x00, 0x00, 0x00,
  0x00, 0x00, 0x00, 0x00, 0x00, 0x00, 0x00, 0x00, 0x00, 0x00, 0x00, 0x00, 0x00, 0x89, 0xB2, 0xB2,
  0xB2, 0xB2, 0xB2, 0x9A, 0x03, 0x00, 0x00, 0x00, 0x00, 0x00, 0x00, 0x00, 0x00, 0x00, 0x00, 0x00,
  0x00, 0x00, 0x00, 0x00, 0x00, 0x00, 0x00, 0x00, 0x00, 0x00, 0x00, 0x00, 0x00, 0x00, 0x00, 0x00,
  0x33, 0xB2, 0xB2, 0xB2, 0xB2, 0xB2, 0xB2, 0x42, 0x00, 0x00, 0x00, 0x00, 0x00, 0x00, 0x00, 0x00,
  0x00, 0x00, 0x00, 0x00, 0x00, 0x00, 0x00, 0x00, 0x00, 0x00, 0x00, 0x00, 0x00, 0x00, 0x00, 0x00,
  0x00, 0x00, 0x00, 0x00, 0x8F, 0xB2, 0xB2, 0xB2, 0xB2, 0xB2, 0x97, 0x02, 0x00, 0x00, 0x00, 0x00,
  0x00, 0x00, 0x00, 0x00, 0x00, 0x00, 0x00, 0x00, 0x00, 0x00, 0x00, 0x00, 0x00, 0x00, 0x00, 0x00,
  0x00, 0x00, 0x00, 0x00, 0x00, 0x00, 0x00, 0x39, 0xB2, 0xB2, 0xB2, 0xB2, 0xB2, 0xB2, 0x45, 0x00,
  0x00, 0x00, 0x00, 0x00, 0x00, 0x00, 0x00, 0x00, 0x00, 0x00, 0x00, 0x00, 0x00, 0x00, 0x00, 0x00,
  0x00, 0x00, 0x00, 0x00, 0x00, 0x00, 0x00, 0x00, 0x00, 0x00, 0x00, 0x8F, 0xB2, 0xB2, 0xB2, 0xB2,
  0xB2, 0xA0, 0x04, 0x00, 0x00, 0x00, 0x00, 0x00, 0x00, 0x00, 0x00, 0x00, 0x00, 0x00, 0x00, 0x00,
  0x00, 0x00, 0x00, 0x00, 0x00, 0x00, 0x00, 0x00, 0x00, 0x00, 0x00, 0x00, 0x00, 0x00, 0x31, 0xB2,
  0xB2, 0xB2, 0xB2, 0xB2, 0xB2, 0x51, 0x00, 0x00, 0x00, 0x00, 0x00, 0x00, 0x00, 0x00, 0x00, 0x00,
  0x00, 0x00, 0x00, 0x00, 0x00, 0x00, 0x00, 0x00, 0x00, 0x00, 0x00, 0x00, 0x00, 0x00, 0x00, 0x00,
  0x00, 0x00, 0x85, 0xB2, 0xB2, 0xB2, 0xB2, 0xB2, 0xA7, 0x09, 0x00, 0x00, 0x00, 0x00, 0x00, 0x00,
  0x00, 0x00, 0x00, 0x00, 0x00, 0x00, 0x00, 0x00, 0x00, 0x00, 0x00, 0x00, 0x00, 0x00, 0x00, 0x00,
  0x00, 0x00, 0x00, 0x00, 0x00, 0x27, 0xB2, 0xB2, 0xB2, 0xB2, 0xB2, 0xB2, 0x5D, 0x00, 0x00, 0x00,
  0x00, 0x00, 0x00, 0x00, 0x00, 0x00, 0x00, 0x00, 0x00, 0x00, 0x00, 0x00, 0x00, 0x00, 0x00, 0x00,
  0x00, 0x00, 0x00, 0x00, 0x00, 0x00, 0x00, 0x00, 0x00, 0x7B, 0xB2, 0xB2, 0xB2, 0xB2, 0xB2, 0xAC,
  0x0F, 0x00, 0x00, 0x00, 0x00, 0x00, 0x00, 0x00, 0x00, 0x00, 0x00, 0x00, 0x00, 0x00, 0x00, 0x00,
  0x00, 0x00, 0x00, 0x00, 0x00, 0x00, 0x00, 0x00, 0x00, 0x00, 0x00, 0x00, 0x1E, 0xB1, 0xB2, 0xB2,
  0xB2, 0xB2, 0xB2, 0x6B, 0x00, 0x00, 0x00, 0x00, 0x00, 0x00, 0x00, 0x00, 0x00, 0x00, 0x00, 0x00,
  0x00, 0x00, 0x00, 0x00, 0x00, 0x00, 0x00, 0x00, 0x00, 0x00, 0x00, 0x00, 0x00, 0x00, 0x00, 0x00,
  0x6D, 0xB2, 0xB2, 0xB2, 0xB2, 0xB2, 0xB2, 0x20, 0x00, 0x00, 0x00, 0x00, 0x00, 0x00, 0x00, 0x00,
  0x00, 0x00, 0x00, 0x00, 0x00, 0x00, 0x00, 0x00, 0x00, 0x00, 0x00, 0x00, 0x00, 0x00, 0x00, 0x00,
  0x00, 0x00, 0x00, 0x0D, 0xAC, 0xB2, 0xB2, 0xB2, 0xB2, 0xB2, 0x89, 0x00, 0x00, 0x00, 0x00, 0x00,
  0x00, 0x00, 0x00, 0x00, 0x00, 0x00, 0x00, 0x00, 0x00, 0x00, 0x00, 0x00, 0x00, 0x00, 0x00, 0x00,
  0x00, 0x00, 0x00, 0x00, 0x00, 0x00, 0x00, 0x53, 0xB2, 0xB2, 0xB2, 0xB2, 0xB2, 0xB2, 0x3E, 0x00,
  0x00, 0x00, 0x00, 0x00, 0x00, 0x00, 0x00, 0x00, 0x00, 0x00, 0x00, 0x00, 0x00, 0x00, 0x00, 0x00,
  0x00, 0x00, 0x00, 0x00, 0x00, 0x00, 0x00, 0x00, 0x00, 0x00, 0x01, 0x9C, 0xB2, 0xB2, 0xB2, 0xB2,
  0xB2, 0xA3, 0x04, 0x00, 0x00, 0x00, 0x00, 0x00, 0x00, 0x00, 0x00, 0x00, 0x00, 0x00, 0x00, 0x00,
  0x00, 0x00, 0x00, 0x00, 0x00, 0x00, 0x00, 0x00, 0x00, 0x00, 0x00, 0x00, 0x00, 0x00, 0x38, 0xB2,
  0xB2, 0xB2, 0xB2, 0xB2, 0xB2, 0x5D, 0x00, 0x00, 0x00, 0x00, 0x00, 0x00, 0x00, 0x00, 0x00, 0x00,
  0x00, 0x00, 0x00, 0x00, 0x00, 0x00, 0x00, 0x00, 0x00, 0x00, 0x00, 0x00, 0x00, 0x00, 0x00, 0x00,
  0x00, 0x00, 0x83, 0xB2, 0xB2, 0xB2, 0xB2, 0xB2, 0xB1, 0x15, 0x00, 0x00, 0x00, 0x00, 0x00, 0x00,
  0x00, 0x00, 0x00, 0x00, 0x00, 0x00, 0x00, 0x00, 0x00, 0x00, 0x00, 0x00, 0x00, 0x00, 0x00, 0x00,
  0x00, 0x00, 0x00, 0x00, 0x00, 0x1A, 0xB2, 0xB2, 0xB2, 0xB2, 0xB2, 0xB2, 0x82, 0x00, 0x00, 0x00,
  0x00, 0x00, 0x00, 0x00, 0x00, 0x00, 0x00, 0x00, 0x00, 0x00, 0x00, 0x00, 0x00, 0x00, 0x00, 0x00,
  0x00, 0x00, 0x00, 0x00, 0x00, 0x00, 0x00, 0x00, 0x00, 0x5D, 0xB2, 0xB2, 0xB2, 0xB2, 0xB2, 0xB2,
  0x41, 0x00, 0x00, 0x00, 0x00, 0x00, 0x00, 0x00, 0x00, 0x00, 0x00, 0x00, 0x00, 0x00, 0x00, 0x00,
  0x00, 0x00, 0x00, 0x00, 0x00, 0x00, 0x00, 0x00, 0x00, 0x00, 0x00, 0x00, 0x01, 0x9E, 0xB2, 0xB2,
  0xB2, 0xB2, 0xB2, 0xAB, 0x08, 0x00, 0x00, 0x00, 0x00, 0x00, 0x00, 0x00, 0x00, 0x00, 0x00, 0x00,
  0x00, 0x00, 0x00, 0x00, 0x00, 0x00, 0x00, 0x00, 0x00, 0x00, 0x00, 0x00, 0x00, 0x00, 0x00, 0x00,
  0x2E, 0xB2, 0xB2, 0xB2, 0xB2, 0xB2, 0xB2, 0x73, 0x00, 0x00, 0x00, 0x00, 0x00, 0x00, 0x00, 0x00,
  0x00, 0x00, 0x00, 0x00, 0x00, 0x00, 0x00, 0x00, 0x00, 0x00, 0x00, 0x00, 0x00, 0x00, 0x00, 0x00,
  0x00, 0x00, 0x00, 0x00, 0x72, 0xB2, 0xB2, 0xB2, 0xB2, 0xB2, 0xB2, 0x32, 0x00, 0x00, 0x00, 0x00,
  0x00, 0x00, 0x00, 0x00, 0x00, 0x00, 0x00, 0x00, 0x00, 0x00, 0x00, 0x00, 0x00, 0x00, 0x00, 0x00,
  0x00, 0x00, 0x00, 0x00, 0x00, 0x00, 0x00, 0x08, 0xAB, 0xB2, 0xB2, 0xB2, 0xB2, 0xB2, 0xA2, 0x02,
  0x00, 0x00, 0x00, 0x00, 0x00, 0x00, 0x00, 0x00, 0x00, 0x00, 0x00, 0x00, 0x00, 0x00, 0x00, 0x00,
  0x00, 0x00, 0x00, 0x00, 0x00, 0x00, 0x00, 0x00, 0x00, 0x00, 0x00, 0x40, 0xB2, 0xB2, 0xB2, 0xB2,
  0xB2, 0xB2, 0x6B, 0x00, 0x00, 0x00, 0x00, 0x00, 0x00, 0x00, 0x00, 0x00, 0x00, 0x00, 0x00, 0x00,
  0x00, 0x00, 0x00, 0x00, 0x00, 0x00, 0x00, 0x00, 0x00, 0x00, 0x00, 0x00, 0x00, 0x00, 0x00, 0x79,
  0xB2, 0xB2, 0xB2, 0xB2, 0xB2, 0xB2, 0x34, 0x00, 0x00, 0x00, 0x00, 0x00, 0x00, 0x00, 0x00, 0x00,
  0x00, 0x00, 0x00, 0x00, 0x00, 0x00, 0x00, 0x00, 0x00, 0x00, 0x00, 0x00, 0x00, 0x00, 0x00, 0x00,
  0x00, 0x00, 0x05, 0xAA, 0xB2, 0xB2, 0xB2, 0xB2, 0xB2, 0xAA, 0x05, 0x00, 0x00, 0x00, 0x00, 0x00,
  0x00, 0x00, 0x00, 0x00, 0x00, 0x00, 0x00, 0x00, 0x00, 0x00, 0x00, 0x00, 0x00, 0x00, 0x00, 0x00,
  0x00, 0x00, 0x00, 0x00, 0x00, 0x00, 0x36, 0xB2, 0xB2, 0xB2, 0xB2, 0xB2, 0xB2, 0x7A, 0x00, 0x00,
  0x00, 0x00, 0x00, 0x00, 0x00, 0x00, 0x00, 0x00, 0x00, 0x00, 0x00, 0x00, 0x00, 0x00, 0x00, 0x00,
  0x00, 0x00, 0x00, 0x00, 0x00, 0x00, 0x00, 0x00, 0x00, 0x00, 0x6F, 0xB2, 0xB2, 0xB2, 0xB2, 0xB2,
  0xB2, 0x43, 0x00, 0x00, 0x00, 0x00, 0x00, 0x00, 0x00, 0x00, 0x00, 0x00, 0x00, 0x00, 0x00, 0x00,
  0x00, 0x00, 0x00, 0x00, 0x00, 0x00, 0x00, 0x00, 0x00, 0x00, 0x00, 0x00, 0x00, 0x02, 0xA4, 0xB2,
  0xB2, 0xB2, 0xB2, 0xB2, 0xB1, 0x0F, 0x00, 0x00, 0x00, 0x00, 0x00, 0x00, 0x00, 0x00, 0x00, 0x00,
  0x00, 0x00, 0x00, 0x00, 0x00, 0x00, 0x00, 0x00, 0x00, 0x00, 0x00, 0x00, 0x00, 0x00, 0x00, 0x00,
  0x00, 0x25, 0xB2, 0xB2, 0xB2, 0xB2, 0xB2, 0xB2, 0x94, 0x00, 0x00, 0x00, 0x00, 0x00, 0x00, 0x00,
  0x00, 0x00, 0x00, 0x00, 0x00, 0x00, 0x00, 0x00, 0x00, 0x00, 0x00, 0x00, 0x00, 0x00, 0x00, 0x00,
  0x00, 0x00, 0x00, 0x00, 0x00, 0x51, 0xB2, 0xB2, 0xB2, 0xB2, 0xB2, 0xB2, 0x69, 0x00, 0x00, 0x00,
  0x00, 0x00, 0x00, 0x00, 0x00, 0x00, 0x00, 0x00, 0x00, 0x00, 0x00, 0x00, 0x00, 0x00, 0x00, 0x00,
  0x00, 0x00, 0x00, 0x00, 0x00, 0x00, 0x00, 0x00, 0x00, 0x7E, 0xB2, 0xB2, 0xB2, 0xB2, 0xB2, 0xB2,
  0x3F, 0x00, 0x00, 0x00, 0x00, 0x00, 0x00, 0x00, 0x00, 0x00, 0x00, 0x00, 0x00, 0x00, 0x00, 0x00,
  0x00, 0x00, 0x00, 0x00, 0x00, 0x00, 0x00, 0x00, 0x00, 0x00, 0x00, 0x00, 0x02, 0xA8, 0xB2, 0xB2,
  0xB2, 0xB2, 0xB2, 0xB2, 0x15, 0x00, 0x00, 0x00, 0x00, 0x00, 0x00, 0x00, 0x00, 0x00, 0x00, 0x00,
  0x00, 0x00, 0x00, 0x00, 0x00, 0x00, 0x00, 0x00, 0x00, 0x00, 0x00, 0x00, 0x00, 0x00, 0x00, 0x00,
  0x25, 0xB2, 0xB2, 0xB2, 0xB2, 0xB2, 0xB2, 0x9D, 0x00, 0x00, 0x00, 0x00, 0x00, 0x00, 0x00, 0x00,
  0x00, 0x00, 0x00, 0x00, 0x00, 0x00, 0x00, 0x00, 0x00, 0x00, 0x00, 0x00, 0x00, 0x00, 0x00, 0x00,
  0x00, 0x00, 0x00, 0x00, 0x4C, 0xB2, 0xB2, 0xB2, 0xB2, 0xB2, 0xB2, 0x79, 0x00, 0x00, 0x00, 0x00,
  0x00, 0x00, 0x00, 0x00, 0x00, 0x00, 0x00, 0x00, 0x00, 0x00, 0x00, 0x00, 0x00, 0x00, 0x00, 0x00,
  0x00, 0x00, 0x00, 0x00, 0x00, 0x00, 0x00, 0x00, 0x6B, 0xB2, 0xB2, 0xB2, 0xB2, 0xB2, 0xB2, 0x5D,
  0x00, 0x00, 0x00, 0x00, 0x00, 0x00, 0x00, 0x00, 0x00, 0x00, 0x00, 0x00, 0x00, 0x00, 0x00, 0x00,
  0x00, 0x00, 0x00, 0x00, 0x00, 0x00, 0x00, 0x00, 0x00, 0x00, 0x00, 0x00, 0x8B, 0xB2, 0xB2, 0xB2,
  0xB2, 0xB2, 0xB2, 0x3F, 0x00, 0x00, 0x00, 0x00, 0x00, 0x00, 0x00, 0x00, 0x00, 0x00, 0x00, 0x00,
  0x00, 0x00, 0x00, 0x00, 0x00, 0x00, 0x00, 0x00, 0x00, 0x00, 0x00, 0x00, 0x00, 0x00, 0x00, 0x00,
  0xAA, 0xB2, 0xB2, 0xB2, 0xB2, 0xB2, 0xB2, 0x23, 0x00, 0x00, 0x00, 0x00, 0x00, 0x00, 0x00, 0x00,
  0x00, 0x00, 0x00, 0x00, 0x00, 0x00, 0x00, 0x00, 0x00, 0x00, 0x00, 0x00, 0x00, 0x00, 0x00, 0x00,
  0x00, 0x00, 0x00, 0x17, 0xB2, 0xB2, 0xB2, 0xB2, 0xB2, 0xB2, 0xB1, 0x07, 0x00, 0x00, 0x00, 0x00,
  0x00, 0x00, 0x00, 0x00, 0x00, 0x00, 0x00, 0x00, 0x00, 0x00, 0x00, 0x00, 0x00, 0x00, 0x00, 0x00,
  0x00, 0x00, 0x00, 0x00, 0x00, 0x00, 0x00, 0x00, 0x00, 0x00, 0x00, 0x10, 0x44, 0x6F, 0x8E, 0xA2,
  0xAC, 0xAE, 0xA5, 0x94, 0x76, 0x50, 0x1C, 0x00, 0x00, 0x00, 0x00, 0x00, 0x00, 0x00, 0x00, 0x00,
  0x00, 0x00, 0x00, 0x00, 0x00, 0x00, 0x00, 0x00, 0x00, 0x00, 0x00, 0x00, 0x00, 0x2C, 0x7C, 0xB1,
  0xB2, 0xB2, 0xB2, 0xB2, 0xB2, 0xB2, 0xB2, 0xB2, 0xB2, 0xB2, 0xB2, 0x8F, 0x41, 0x02, 0x00, 0x00,
  0x00, 0x00, 0x00, 0x00, 0x00, 0x00, 0x00, 0x00, 0x00, 0x00, 0x00, 0x00, 0x00, 0x00, 0x00, 0x17,
  0x7C, 0xB2, 0xB2, 0xB2, 0xB2, 0xB2, 0xB2, 0xB2, 0xB2, 0xB2, 0xB2, 0xB2, 0xB2, 0xB2, 0xB2, 0xB2,
  0xB2, 0x94, 0x2C, 0x00, 0x00, 0x00, 0x00, 0x00, 0x00, 0x00, 0x00, 0x00, 0x00, 0x00, 0x00, 0x00,
  0x00, 0x00, 0x34, 0xA8, 0xB2, 0xB2, 0xB2, 0xB2, 0xB2, 0xB2, 0xB2, 0xB2, 0xB2, 0xB2, 0xB2, 0xB2,
  0xB2, 0xB2, 0xB2, 0xB2, 0xB2, 0xB2, 0xB1, 0x58, 0x00, 0x00, 0x00, 0x00, 0x00, 0x00, 0x00, 0x00,
  0x00, 0x00, 0x00, 0x00, 0x00, 0x3E, 0xB1, 0xB2, 0xB2, 0xB2, 0xB2, 0xB2, 0xB2, 0xB2, 0xB2, 0xB2,
  0xB2, 0xB2, 0xB2, 0xB2, 0xB2, 0xB2, 0xB2, 0xB2, 0xB2, 0xB2, 0xB2, 0xB2, 0x6B, 0x00, 0x00, 0x00,
  0x00, 0x00, 0x00, 0x00, 0x00, 0x00, 0x00, 0x00, 0x2F, 0xAF, 0xB2, 0xB2, 0xB2, 0xB2, 0xB2, 0xB2,
  0xB2, 0xB2, 0xAF, 0x8F, 0x7F, 0x7B, 0x8A, 0xA8, 0xB2, 0xB2, 0xB2, 0xB2, 0xB2, 0xB2, 0xB2, 0xB2,
  0xB2, 0x5A, 0x00, 0x00, 0x00, 0x00, 0x00, 0x00, 0x00, 0x00, 0x00, 0x0E, 0xA1, 0xB2, 0xB2, 0xB2,
  0xB2, 0xB2, 0xB2, 0xB2, 0x93, 0x3C, 0x08, 0x00, 0x00, 0x00, 0x00, 0x02, 0x2A, 0x7C, 0xB2, 0xB2,
  0xB2, 0xB2, 0xB2, 0xB2, 0xB2, 0xB1, 0x2B, 0x00, 0x00, 0x00, 0x00, 0x00, 0x00, 0x00, 0x00, 0x67,
  0xB2, 0xB2, 0xB2, 0xB2, 0xB2, 0xB2, 0xB1, 0x5A, 0x01, 0x00, 0x00, 0x00, 0x00, 0x00, 0x00, 0x00,
  0x00, 0x00, 0x34, 0xA8, 0xB2, 0xB2, 0xB2, 0xB2, 0xB2, 0xB2, 0x91, 0x00, 0x00, 0x00, 0x00, 0x00,
  0x00, 0x00, 0x12, 0xAF, 0xB2, 0xB2, 0xB2, 0xB2, 0xB2, 0xB2, 0x48, 0x00, 0x00, 0x00, 0x00, 0x00,
  0x00, 0x00, 0x00, 0x00, 0x00, 0x00, 0x00, 0x1E, 0xA8, 0xB2, 0xB2, 0xB2, 0xB2, 0xB2, 0xB2, 0x39,
  0x00, 0x00, 0x00, 0x00, 0x00, 0x00, 0x53, 0xB2, 0xB2, 0xB2, 0xB2, 0xB2, 0xB2, 0x6A, 0x00, 0x00,
  0x00, 0x00, 0x00, 0x00, 0x00, 0x00, 0x00, 0x00, 0x00, 0x00, 0x00, 0x00, 0x34, 0xB2, 0xB2, 0xB2,
  0xB2, 0xB2, 0xB2, 0x7C, 0x00, 0x00, 0x00, 0x00, 0x00, 0x00, 0x89, 0xB2, 0xB2, 0xB2, 0xB2, 0xB2,
  0xA8, 0x0E, 0x00, 0x00, 0x00, 0x00, 0x00, 0x00, 0x00, 0x00, 0x00, 0x00, 0x00, 0x00, 0x00, 0x00,
  0x00, 0x7D, 0xB2, 0xB2, 0xB2, 0xB2, 0xB2, 0xAE, 0x04, 0x00, 0x00, 0x00, 0x00, 0x02, 0xAC, 0xB2,
  0xB2, 0xB2, 0xB2, 0xB2, 0x70, 0x00, 0x00, 0x00, 0x00, 0x00, 0x00, 0x00, 0x00, 0x00, 0x00, 0x00,
  0x00, 0x00, 0x00, 0x00, 0x00, 0x32, 0xB2, 0xB2, 0xB2, 0xB2, 0xB2, 0xB2, 0x23, 0x00, 0x00, 0x00,
  0x00, 0x15, 0xB2, 0xB2, 0xB2, 0xB2, 0xB2, 0xB2, 0x3F, 0x00, 0x00, 0x00, 0x00, 0x00, 0x00, 0x00,
  0x00, 0x00, 0x00, 0x00, 0x00, 0x00, 0x00, 0x00, 0x00, 0x04, 0xAD, 0xB2, 0xB2, 0xB2, 0xB2, 0xB2,
  0x3A, 0x00, 0x00, 0x00, 0x00, 0x1F, 0xB2, 0xB2, 0xB2, 0xB2, 0xB2, 0xB2, 0x2A, 0x00, 0x00, 0x00,
  0x00, 0x00, 0x00, 0x00, 0x00, 0x00, 0x00, 0x00, 0x00, 0x00, 0x00, 0x00, 0x00, 0x00, 0x9C, 0xB2,
  0xB2, 0xB2, 0xB2, 0xB2, 0x46, 0x00, 0x00, 0x00, 0x00, 0x1C, 0xB2, 0xB2, 0xB2, 0xB2, 0xB2, 0xB2,
  0x23, 0x00, 0x00, 0x00, 0x00, 0x00, 0x00, 0x00, 0x00, 0x00, 0x00, 0x00, 0x00, 0x00, 0x00, 0x00,
  0x00, 0x00, 0x93, 0xB2, 0xB2, 0xB2, 0xB2, 0xB2, 0x42, 0x00, 0x00, 0x00, 0x00, 0x0D, 0xB2, 0xB2,
  0xB2, 0xB2, 0xB2, 0xB2, 0x32, 0x00, 0x00, 0x00, 0x00, 0x00, 0x00, 0x00, 0x00, 0x00, 0x00, 0x00,
  0x00, 0x00, 0x00, 0x00, 0x00, 0x00, 0xA3, 0xB2, 0xB2, 0xB2, 0xB2, 0xB2, 0x33, 0x00, 0x00, 0x00,
  0x00, 0x00, 0x9E, 0xB2, 0xB2, 0xB2, 0xB2, 0xB2, 0x55, 0x00, 0x00, 0x00, 0x00, 0x00, 0x00, 0x00,
  0x00, 0x00, 0x00, 0x00, 0x00, 0x00, 0x00, 0x00, 0x00, 0x15, 0xB2, 0xB2, 0xB2, 0xB2, 0xB2, 0xB2,
  0x10, 0x00, 0x00, 0x00, 0x00, 0x00, 0x6F, 0xB2, 0xB2, 0xB2, 0xB2, 0xB2, 0x8E, 0x00, 0x00, 0x00,
  0x00, 0x00, 0x00, 0x00, 0x00, 0x00, 0x00, 0x00, 0x00, 0x00, 0x00, 0x00, 0x00, 0x51, 0xB2, 0xB2,
  0xB2, 0xB2, 0xB2, 0x95, 0x00, 0x00, 0x00, 0x00, 0x00, 0x00, 0x2C, 0xB2, 0xB2, 0xB2, 0xB2, 0xB2,
  0xB2, 0x35, 0x00, 0x00, 0x00, 0x00, 0x00, 0x00, 0x00, 0x00, 0x00, 0x00, 0x00, 0x00, 0x00, 0x00,
  0x0B, 0xA4, 0xB2, 0xB2, 0xB2, 0xB2, 0xB2, 0x51, 0x00, 0x00, 0x00, 0x00, 0x00, 0x00, 0x00, 0x89,
  0xB2, 0xB2, 0xB2, 0xB2, 0xB2, 0x9D, 0x10, 0x00, 0x00, 0x00, 0x00, 0x00, 0x00, 0x00, 0x00, 0x00,
  0x00, 0x00, 0x00, 0x00, 0x78, 0xB2, 0xB2, 0xB2, 0xB2, 0xB2, 0xA4, 0x0A, 0x00, 0x00, 0x00, 0x00,
  0x00, 0x00, 0x00, 0x23, 0xAF, 0xB2, 0xB2, 0xB2, 0xB2, 0xB2, 0x8E, 0x0E, 0x00, 0x00, 0x00, 0x00,
  0x00, 0x00, 0x00, 0x00, 0x00, 0x00, 0x02, 0x6B, 0xB2, 0xB2, 0xB2, 0xB2, 0xB2, 0xB2, 0x48, 0x00,
  0x00, 0x00, 0x00, 0x00, 0x00, 0x00, 0x00, 0x00, 0x52, 0xB2, 0xB2, 0xB2, 0xB2, 0xB2, 0xB2, 0x9C,
  0x2D, 0x00, 0x00, 0x00, 0x00, 0x00, 0x00, 0x00, 0x00, 0x19, 0x85, 0xB2, 0xB2, 0xB2, 0xB2, 0xB2,
  0xB2, 0x7C, 0x00, 0x00, 0x00, 0x00, 0x00, 0x00, 0x00, 0x00, 0x00, 0x00, 0x00, 0x6C, 0xB2, 0xB2,
  0xB2, 0xB2, 0xB2, 0xB2, 0xB2, 0x84, 0x47, 0x1B, 0x09, 0x05, 0x15, 0x3A, 0x72, 0xAF, 0xB2, 0xB2,
  0xB2, 0xB2, 0xB2, 0xB2, 0x8F, 0x0A, 0x00, 0x00, 0x00, 0x00, 0x00, 0x00, 0x00, 0x00, 0x00, 0x00,
  0x00, 0x01, 0x69, 0xB2, 0xB2, 0xB2, 0xB2, 0xB2, 0xB2, 0xB2, 0xB2, 0xB2, 0xB2, 0xB2, 0xB2, 0xB2,
  0xB2, 0xB2, 0xB2, 0xB2, 0xB2, 0xB2, 0xB2, 0x8B, 0x0D, 0x00, 0x00, 0x00, 0x00, 0x00, 0x00, 0x00,
  0x00, 0x00, 0x00, 0x00, 0x00, 0x00, 0x00, 0x47, 0xAB, 0xB2, 0xB2, 0xB2, 0xB2, 0xB2, 0xB2, 0xB2,
  0xB2, 0xB2, 0xB2, 0xB2, 0xB2, 0xB2, 0xB2, 0xB2, 0xB2, 0xB2, 0x6C, 0x04, 0x00, 0x00, 0x00, 0x00,
  0x00, 0x00, 0x00, 0x00, 0x00, 0x00, 0x00, 0x00, 0x00, 0x00, 0x00, 0x00, 0x17, 0x9A, 0xB2, 0xB2,
  0xB2, 0xB2, 0xB2, 0xB2, 0xB2, 0xB2, 0xB2, 0xB2, 0xB2, 0xB2, 0xB2, 0xB2, 0xAF, 0x36, 0x00, 0x00,
  0x00, 0x00, 0x00, 0x00, 0x00, 0x00, 0x00, 0x00, 0x00, 0x00, 0x00, 0x00, 0x00, 0x00, 0x00, 0x3A,
  0x90, 0xB2, 0xB2, 0xB2, 0xB2, 0xB2, 0xB2, 0xB2, 0xB2, 0xB2, 0xB2, 0xB2, 0xB2, 0xB2, 0xB2, 0xB2,
  0xB2, 0xA3, 0x54, 0x06, 0x00, 0x00, 0x00, 0x00, 0x00, 0x00, 0x00, 0x00, 0x00, 0x00, 0x00, 0x00,
  0x00, 0x12, 0x7D, 0xB2, 0xB2, 0xB2, 0xB2, 0xB2, 0xB2, 0xB2, 0xB2, 0xB2, 0xB2, 0xB2, 0xB2, 0xB2,
  0xB2, 0xB2, 0xB2, 0xB2, 0xB2, 0xB2, 0xB2, 0x97, 0x27, 0x00, 0x00, 0x00, 0x00, 0x00, 0x00, 0x00,
  0x00, 0x00, 0x00, 0x00, 0x22, 0xA2, 0xB2, 0xB2, 0xB2, 0xB2, 0xB2, 0xB2, 0xB2, 0xB2, 0xB2, 0xAF,
  0xA1, 0x9C, 0xAB, 0xB2, 0xB2, 0xB2, 0xB2, 0xB2, 0xB2, 0xB2, 0xB2, 0xB2, 0xB0, 0x43, 0x00, 0x00,
  0x00, 0x00, 0x00, 0x00, 0x00, 0x00, 0x00, 0x27, 0xA8, 0xB2, 0xB2, 0xB2, 0xB2, 0xB2, 0xB2, 0xB2,
  0x87, 0x49, 0x18, 0x00, 0x00, 0x00, 0x00, 0x0D, 0x3C, 0x73, 0xB0, 0xB2, 0xB2, 0xB2, 0xB2, 0xB2,
  0xB2, 0xB1, 0x4C, 0x00, 0x00, 0x00, 0x00, 0x00, 0x00, 0x00, 0x15, 0xA3, 0xB2, 0xB2, 0xB2, 0xB2,
  0xB2, 0xB2, 0x97, 0x30, 0x00, 0x00, 0x00, 0x00, 0x00, 0x00, 0x00, 0x00, 0x00, 0x00, 0x1A, 0x7D,
  0xB2, 0xB2, 0xB2, 0xB2, 0xB2, 0xB2, 0xB1, 0x33, 0x00, 0x00, 0x00, 0x00, 0x00, 0x02, 0x8E, 0xB2,
  0xB2, 0xB2, 0xB2, 0xB2, 0xB2, 0x7E, 0x0A, 0x00, 0x00, 0x00, 0x00, 0x00, 0x00, 0x00, 0x00, 0x00,
  0x00, 0x00, 0x00, 0x00, 0x5B, 0xB2, 0xB2, 0xB2, 0xB2, 0xB2, 0xB2, 0xA7, 0x13, 0x00, 0x00, 0x00,
  0x00, 0x4D, 0xB2, 0xB2, 0xB2, 0xB2, 0xB2, 0xB2, 0x86, 0x03, 0x00, 0x00, 0x00, 0x00, 0x00, 0x00,
  0x00, 0x00, 0x00, 0x00, 0x00, 0x00, 0x00, 0x00, 0x00, 0x5A, 0xB2, 0xB2, 0xB2, 0xB2, 0xB2, 0xB2,
  0x76, 0x00, 0x00, 0x00, 0x0A, 0xA8, 0xB2, 0xB2, 0xB2, 0xB2, 0xB2, 0xA0, 0x0C, 0x00, 0x00, 0x00,
  0x00, 0x00, 0x00, 0x00, 0x00, 0x00, 0x00, 0x00, 0x00, 0x00, 0x00, 0x00, 0x00, 0x00, 0x7B, 0xB2,
  0xB2, 0xB2, 0xB2, 0xB2, 0xB2, 0x2A, 0x00, 0x00, 0x4D, 0xB2, 0xB2, 0xB2, 0xB2, 0xB2, 0xB2, 0x47,
  0x00, 0x00, 0x00, 0x00, 0x00, 0x00, 0x00, 0x00, 0x00, 0x00, 0x00, 0x00, 0x00, 0x00, 0x00, 0x00,
  0x00, 0x00, 0x17, 0xAF, 0xB2, 0xB2, 0xB2, 0xB2, 0xB2, 0x76, 0x00, 0x00, 0x93, 0xB2, 0xB2, 0xB2,
  0xB2, 0xB2, 0xA3, 0x02, 0x00, 0x00, 0x00, 0x00, 0x00, 0x00, 0x00, 0x00, 0x00, 0x00, 0x00, 0x00,
  0x00, 0x00, 0x00, 0x00, 0x00, 0x00, 0x00, 0x6F, 0xB2, 0xB2, 0xB2, 0xB2, 0xB2, 0xAF, 0x0D, 0x0F,
  0xB2, 0xB2, 0xB2, 0xB2, 0xB2, 0xB2, 0x70, 0x00, 0x00, 0x00, 0x00, 0x00, 0x00, 0x00, 0x00, 0x00,
  0x00, 0x00, 0x00, 0x00, 0x00, 0x00, 0x00, 0x00, 0x00, 0x00, 0x00, 0x38, 0xB2, 0xB2, 0xB2, 0xB2,
  0xB2, 0xB2, 0x38, 0x38, 0xB2, 0xB2, 0xB2, 0xB2, 0xB2, 0xB2, 0x45, 0x00, 0x00, 0x00, 0x00, 0x00,
  0x00, 0x00, 0x00, 0x00, 0x00, 0x00, 0x00, 0x00, 0x00, 0x00, 0x00, 0x00, 0x00, 0x00, 0x00, 0x0A,
  0xB2, 0xB2, 0xB2, 0xB2, 0xB2, 0xB2, 0x61, 0x4D, 0xB2, 0xB2, 0xB2, 0xB2, 0xB2, 0xB2, 0x34, 0x00,
  0x00, 0x00, 0x00, 0x00, 0x00, 0x00, 0x00, 0x00, 0x00, 0x00, 0x00, 0x00, 0x00, 0x00, 0x00, 0x00,
  0x00, 0x00, 0x00, 0x00, 0xAA, 0xB2, 0xB2, 0xB2, 0xB2, 0xB2, 0x76, 0x5B, 0xB2, 0xB2, 0xB2, 0xB2,
  0xB2, 0xB2, 0x27, 0x00, 0x00, 0x00, 0x00, 0x00, 0x00, 0x00, 0x00, 0x00, 0x00, 0x00, 0x00, 0x00,
  0x00, 0x00, 0x00, 0x00, 0x00, 0x00, 0x00, 0x00, 0x9D, 0xB2, 0xB2, 0xB2, 0xB2, 0xB2, 0x85, 0x5C,
  0xB2, 0xB2, 0xB2, 0xB2, 0xB2, 0xB2, 0x31, 0x00, 0x00, 0x00, 0x00, 0x00, 0x00, 0x00, 0x00, 0x00,
  0x00, 0x00, 0x00, 0x00, 0x00, 0x00, 0x00, 0x00, 0x00, 0x00, 0x00, 0x00, 0xA8, 0xB2, 0xB2, 0xB2,
  0xB2, 0xB2, 0x85, 0x51, 0xB2, 0xB2, 0xB2, 0xB2, 0xB2, 0xB2, 0x3F, 0x00, 0x00, 0x00, 0x00, 0x00,
  0x00, 0x00, 0x00, 0x00, 0x00, 0x00, 0x00, 0x00, 0x00, 0x00, 0x00, 0x00, 0x00, 0x00, 0x00, 0x04,
  0xB2, 0xB2, 0xB2, 0xB2, 0xB2, 0xB2, 0x7B, 0x3E, 0xB2, 0xB2, 0xB2, 0xB2, 0xB2, 0xB2, 0x63, 0x00,
  0x00, 0x00, 0x00, 0x00, 0x00, 0x00, 0x00, 0x00, 0x00, 0x00, 0x00, 0x00, 0x00, 0x00, 0x00, 0x00,
  0x00, 0x00, 0x00, 0x2C, 0xB2, 0xB2, 0xB2, 0xB2, 0xB2, 0xB2, 0x69, 0x1C, 0xB2, 0xB2, 0xB2, 0xB2,
  0xB2, 0xB2, 0x93, 0x00, 0x00, 0x00, 0x00, 0x00, 0x00, 0x00, 0x00, 0x00, 0x00, 0x00, 0x00, 0x00,
  0x00, 0x00, 0x00, 0x00, 0x00, 0x00, 0x00, 0x5D, 0xB2, 0xB2, 0xB2, 0xB2, 0xB2, 0xB2, 0x46, 0x01,
  0xA4, 0xB2, 0xB2, 0xB2, 0xB2, 0xB2, 0xB2, 0x28, 0x00, 0x00, 0x00, 0x00, 0x00, 0x00, 0x00, 0x00,
  0x00, 0x00, 0x00, 0x00, 0x00, 0x00, 0x00, 0x00, 0x00, 0x00, 0x07, 0xA3, 0xB2, 0xB2, 0xB2, 0xB2,
  0xB2, 0xB2, 0x1E, 0x00, 0x69, 0xB2, 0xB2, 0xB2, 0xB2, 0xB2, 0xB2, 0x84, 0x00, 0x00, 0x00, 0x00,
  0x00, 0x00, 0x00, 0x00, 0x00, 0x00, 0x00, 0x00, 0x00, 0x00, 0x00, 0x00, 0x00, 0x00, 0x58, 0xB2,
  0xB2, 0xB2, 0xB2, 0xB2, 0xB2, 0x95, 0x00, 0x00, 0x24, 0xB2, 0xB2, 0xB2, 0xB2, 0xB2, 0xB2, 0xB2,
  0x53, 0x00, 0x00, 0x00, 0x00, 0x00, 0x00, 0x00, 0x00, 0x00, 0x00, 0x00, 0x00, 0x00, 0x00, 0x00,
  0x00, 0x30, 0xAF, 0xB2, 0xB2, 0xB2, 0xB2, 0xB2, 0xB2, 0x52, 0x00, 0x00, 0x00, 0x7C, 0xB2, 0xB2,
  0xB2, 0xB2, 0xB2, 0xB2, 0xB1, 0x44, 0x00, 0x00, 0x00, 0x00, 0x00, 0x00, 0x00, 0x00, 0x00, 0x00,
  0x00, 0x00, 0x00, 0x00, 0x2D, 0xA8, 0xB2, 0xB2, 0xB2, 0xB2, 0xB2, 0xB2, 0xA3, 0x08, 0x00, 0x00,
  0x00, 0x1C, 0xAC, 0xB2, 0xB2, 0xB2, 0xB2, 0xB2, 0xB2, 0xB2, 0x69, 0x0B, 0x00, 0x00, 0x00, 0x00,
  0x00, 0x00, 0x00, 0x00, 0x00, 0x00, 0x04, 0x54, 0xB0, 0xB2, 0xB2, 0xB2, 0xB2, 0xB2, 0xB2, 0xB2,
  0x47, 0x00, 0x00, 0x00, 0x00, 0x00, 0x4A, 0xB2, 0xB2, 0xB2, 0xB2, 0xB2, 0xB2, 0xB2, 0xB2, 0xA8,
  0x5E, 0x26, 0x02, 0x00, 0x00, 0x00, 0x00, 0x00, 0x1D, 0x51, 0xA0, 0xB2, 0xB2, 0xB2, 0xB2, 0xB2,
  0xB2, 0xB2, 0xB2, 0x7D, 0x00, 0x00, 0x00, 0x00, 0x00, 0x00, 0x00, 0x68, 0xB2, 0xB2, 0xB2, 0xB2,
  0xB2, 0xB2, 0xB2, 0xB2, 0xB2, 0xB2, 0xA9, 0x93, 0x86, 0x82, 0x90, 0xA3, 0xB2, 0xB2, 0xB2, 0xB2,
  0xB2, 0xB2, 0xB2, 0xB2, 0xB2, 0xB2, 0x90, 0x0B, 0x00, 0x00, 0x00, 0x00, 0x00, 0x00, 0x00, 0x00,
  0x69, 0xB2, 0xB2, 0xB2, 0xB2, 0xB2, 0xB2, 0xB2, 0xB2, 0xB2, 0xB2, 0xB2, 0xB2, 0xB2, 0xB2, 0xB2,
  0xB2, 0xB2, 0xB2, 0xB2, 0xB2, 0xB2, 0xB2, 0xB2, 0xB2, 0x8F, 0x0E, 0x00, 0x00, 0x00, 0x00, 0x00,
  0x00, 0x00, 0x00, 0x00, 0x00, 0x47, 0xAC, 0xB2, 0xB2, 0xB2, 0xB2, 0xB2, 0xB2, 0xB2, 0xB2, 0xB2,
  0xB2, 0xB2, 0xB2, 0xB2, 0xB2, 0xB2, 0xB2, 0xB2, 0xB2, 0xB2, 0xB2, 0xB2, 0x6D, 0x05, 0x00, 0x00,
  0x00, 0x00, 0x00, 0x00, 0x00, 0x00, 0x00, 0x00, 0x00, 0x00, 0x17, 0x7A, 0xB2, 0xB2, 0xB2, 0xB2,
  0xB2, 0xB2, 0xB2, 0xB2, 0xB2, 0xB2, 0xB2, 0xB2, 0xB2, 0xB2, 0xB2, 0xB2, 0xB2, 0xB2, 0x93, 0x2E,
  0x00, 0x00, 0x00, 0x00, 0x00, 0x00, 0x00, 0x00, 0x00, 0x00, 0x00, 0x00, 0x00, 0x00, 0x00, 0x00,
  0x22, 0x6E, 0xAA, 0xB2, 0xB2, 0xB2, 0xB2, 0xB2, 0xB2, 0xB2, 0xB2, 0xB2, 0xB2, 0xB2, 0xB2, 0xB0,
  0x80, 0x35, 0x01, 0x00, 0x00, 0x00, 0x00, 0x00, 0x00, 0x00, 0x00, 0x00, 0x00, 0x00, 0x00, 0x00,
  0x00, 0x00, 0x00, 0x00, 0x00, 0x00, 0x04, 0x30, 0x5D, 0x7B, 0x97, 0xA4, 0xAD, 0xAF, 0xA6, 0x9B,
  0x82, 0x64, 0x3C, 0x0B, 0x00, 0x00, 0x00, 0x00, 0x00, 0x00, 0x00, 0x00, 0x00, 0x00, 0x00, 0x00,
  0x00, 0x00, 0x00, 0x00, 0x00, 0x00, 0x00, 0x00, 0x00, 0x00, 0x00, 0x23, 0x51, 0x78, 0x91, 0xA5,
  0xAC, 0xAF, 0xA6, 0x97, 0x7A, 0x54, 0x20, 0x00, 0x00, 0x00, 0x00, 0x00, 0x00, 0x00, 0x00, 0x00,
  0x00, 0x00, 0x00, 0x00, 0x00, 0x00, 0x00, 0x00, 0x00, 0x00, 0x00, 0x00, 0x08, 0x4F, 0x9A, 0xB2,
  0xB2, 0xB2, 0xB2, 0xB2, 0xB2, 0xB2, 0xB2, 0xB2, 0xB2, 0xB2, 0xB2, 0x90, 0x3F, 0x00, 0x00, 0x00,
  0x00, 0x00, 0x00, 0x00, 0x00, 0x00, 0x00, 0x00, 0x00, 0x00, 0x00, 0x00, 0x00, 0x00, 0x00, 0x43,
  0xA3, 0xB2, 0xB2, 0xB2, 0xB2, 0xB2, 0xB2, 0xB2, 0xB2, 0xB2, 0xB2, 0xB2, 0xB2, 0xB2, 0xB2, 0xB2,
  0xB2, 0x8C, 0x1B, 0x00, 0x00, 0x00, 0x00, 0x00, 0x00, 0x00, 0x00, 0x00, 0x00, 0x00, 0x00, 0x00,
  0x00, 0x0A, 0x79, 0xB2, 0xB2, 0xB2, 0xB2, 0xB2, 0xB2, 0xB2, 0xB2, 0xB2, 0xB2, 0xB2, 0xB2, 0xB2,
  0xB2, 0xB2, 0xB2, 0xB2, 0xB2, 0xB2, 0xA9, 0x37, 0x00, 0x00, 0x00, 0x00, 0x00, 0x00, 0x00, 0x00,
  0x00, 0x00, 0x00, 0x00, 0x10, 0x93, 0xB2, 0xB2, 0xB2, 0xB2, 0xB2, 0xB2, 0xB2, 0xB2, 0xB2, 0xB2,
  0xB2, 0xB2, 0xB2, 0xB2, 0xB2, 0xB2, 0xB2, 0xB2, 0xB2, 0xB2, 0xB2, 0xAF, 0x3A, 0x00, 0x00, 0x00,
  0x00, 0x00, 0x00, 0x00, 0x00, 0x00, 0x00, 0x0B, 0x95, 0xB2, 0xB2, 0xB2, 0xB2, 0xB2, 0xB2, 0xB2,
  0xB2, 0xB2, 0xAB, 0x97, 0x88, 0x93, 0xA6, 0xB2, 0xB2, 0xB2, 0xB2, 0xB2, 0xB2, 0xB2, 0xB2, 0xB2,
  0xAE, 0x27, 0x00, 0x00, 0x00, 0x00, 0x00, 0x00, 0x00, 0x00, 0x01, 0x85, 0xB2, 0xB2, 0xB2, 0xB2,
  0xB2, 0xB2, 0xB2, 0xB2, 0x74, 0x31, 0x03, 0x00, 0x00, 0x00, 0x00, 0x20, 0x5F, 0xA9, 0xB2, 0xB2,
  0xB2, 0xB2, 0xB2, 0xB2, 0xB2, 0xA1, 0x0B, 0x00, 0x00, 0x00, 0x00, 0x00, 0x00, 0x00, 0x55, 0xB2,
  0xB2, 0xB2, 0xB2, 0xB2, 0xB2, 0xB2, 0x9A, 0x2A, 0x00, 0x00, 0x00, 0x00, 0x00, 0x00, 0x00, 0x00,
  0x00, 0x15, 0x82, 0xB2, 0xB2, 0xB2, 0xB2, 0xB2, 0xB2, 0xB2, 0x6D, 0x00, 0x00, 0x00, 0x00, 0x00,
  0x00, 0x16, 0xAC, 0xB2, 0xB2, 0xB2, 0xB2, 0xB2, 0xB2, 0x93, 0x11, 0x00, 0x00, 0x00, 0x00, 0x00,
  0x00, 0x00, 0x00, 0x00, 0x00, 0x00, 0x02, 0x79, 0xB2, 0xB2, 0xB2, 0xB2, 0xB2, 0xB2, 0xB2, 0x22,
  0x00, 0x00, 0x00, 0x00, 0x00, 0x70, 0xB2, 0xB2, 0xB2, 0xB2, 0xB2, 0xB2, 0xA4, 0x12, 0x00, 0x00,
  0x00, 0x00, 0x00, 0x00, 0x00, 0x00, 0x00, 0x00, 0x00, 0x00, 0x00, 0x04, 0x87, 0xB2, 0xB2, 0xB2,
  0xB2, 0xB2, 0xB2, 0x7B, 0x00, 0x00, 0x00, 0x00, 0x10, 0xAF, 0xB2, 0xB2, 0xB2, 0xB2, 0xB2, 0xB2,
  0x36, 0x00, 0x00, 0x00, 0x00, 0x00, 0x00, 0x00, 0x00, 0x00, 0x00, 0x00, 0x00, 0x00, 0x00, 0x00,
  0x19, 0xAC, 0xB2, 0xB2, 0xB2, 0xB2, 0xB2, 0xB1, 0x17, 0x00, 0x00, 0x00, 0x4F, 0xB2, 0xB2, 0xB2,
  0xB2, 0xB2, 0xB2, 0x89, 0x00, 0x00, 0x00, 0x00, 0x00, 0x00, 0x00, 0x00, 0x00, 0x00, 0x00, 0x00,
  0x00, 0x00, 0x00, 0x00, 0x00, 0x59, 0xB2, 0xB2, 0xB2, 0xB2, 0xB2, 0xB2, 0x5B, 0x00, 0x00, 0x00,
  0x87, 0xB2, 0xB2, 0xB2, 0xB2, 0xB2, 0xB2, 0x38, 0x00, 0x00, 0x00, 0x00, 0x00, 0x00, 0x00, 0x00,
  0x00, 0x00, 0x00, 0x00, 0x00, 0x00, 0x00, 0x00, 0x00, 0x10, 0xAF, 0xB2, 0xB2, 0xB2, 0xB2, 0xB2,
  0x96, 0x00, 0x00, 0x04, 0xAD, 0xB2, 0xB2, 0xB2, 0xB2, 0xB2, 0xAE, 0x06, 0x00, 0x00, 0x00, 0x00,
  0x00, 0x00, 0x00, 0x00, 0x00, 0x00, 0x00, 0x00, 0x00, 0x00, 0x00, 0x00, 0x00, 0x00, 0x77, 0xB2,
  0xB2, 0xB2, 0xB2, 0xB2, 0xB2, 0x17, 0x00, 0x22, 0xB2, 0xB2, 0xB2, 0xB2, 0xB2, 0xB2, 0x88, 0x00,
  0x00, 0x00, 0x00, 0x00, 0x00, 0x00, 0x00, 0x00, 0x00, 0x00, 0x00, 0x00, 0x00, 0x00, 0x00, 0x00,
  0x00, 0x00, 0x46, 0xB2, 0xB2, 0xB2, 0xB2, 0xB2, 0xB2, 0x46, 0x00, 0x3A, 0xB2, 0xB2, 0xB2, 0xB2,
  0xB2, 0xB2, 0x6D, 0x00, 0x00, 0x00, 0x00, 0x00, 0x00, 0x00, 0x00, 0x00, 0x00, 0x00, 0x00, 0x00,
  0x00, 0x00, 0x00, 0x00, 0x00, 0x00, 0x1F, 0xB2, 0xB2, 0xB2, 0xB2, 0xB2, 0xB2, 0x6B, 0x00, 0x4A,
  0xB2, 0xB2, 0xB2, 0xB2, 0xB2, 0xB2, 0x60, 0x00, 0x00, 0x00, 0x00, 0x00, 0x00, 0x00, 0x00, 0x00,
  0x00, 0x00, 0x00, 0x00, 0x00, 0x00, 0x00, 0x00, 0x00, 0x00, 0x01, 0xAF, 0xB2, 0xB2, 0xB2, 0xB2,
  0xB2, 0x90, 0x00, 0x52, 0xB2, 0xB2, 0xB2, 0xB2, 0xB2, 0xB2, 0x5A, 0x00, 0x00, 0x00, 0x00, 0x00,
  0x00, 0x00, 0x00, 0x00, 0x00, 0x00, 0x00, 0x00, 0x00, 0x00, 0x00, 0x00, 0x00, 0x00, 0x00, 0xA4,
  0xB2, 0xB2, 0xB2, 0xB2, 0xB2, 0xAA, 0x00, 0x54, 0xB2, 0xB2, 0xB2, 0xB2, 0xB2, 0xB2, 0x65, 0x00,
  0x00, 0x00, 0x00, 0x00, 0x00, 0x00, 0x00, 0x00, 0x00, 0x00, 0x00, 0x00, 0x00, 0x00, 0x00, 0x00,
  0x00, 0x00, 0x00, 0x98, 0xB2, 0xB2, 0xB2, 0xB2, 0xB2, 0xB2, 0x10, 0x4D, 0xB2, 0xB2, 0xB2, 0xB2,
  0xB2, 0xB2, 0x72, 0x00, 0x00, 0x00, 0x00, 0x00, 0x00, 0x00, 0x00, 0x00, 0x00, 0x00, 0x00, 0x00,
  0x00, 0x00, 0x00, 0x00, 0x00, 0x00, 0x00, 0x98, 0xB2, 0xB2, 0xB2, 0xB2, 0xB2, 0xB2, 0x25, 0x3E,
  0xB2, 0xB2, 0xB2, 0xB2, 0xB2, 0xB2, 0x91, 0x00, 0x00, 0x00, 0x00, 0x00, 0x00, 0x00, 0x00, 0x00,
  0x00, 0x00, 0x00, 0x00, 0x00, 0x00, 0x00, 0x00, 0x00, 0x00, 0x00, 0xA9, 0xB2, 0xB2, 0xB2, 0xB2,
  0xB2, 0xB2, 0x33, 0x27, 0xB2, 0xB2, 0xB2, 0xB2, 0xB2, 0xB2, 0xB1, 0x09, 0x00, 0x00, 0x00, 0x00,
  0x00, 0x00, 0x00, 0x00, 0x00, 0x00, 0x00, 0x00, 0x00, 0x00, 0x00, 0x00, 0x00, 0x00, 0x15, 0xB2,
  0xB2, 0xB2, 0xB2, 0xB2, 0xB2, 0xB2, 0x40, 0x07, 0xB0, 0xB2, 0xB2, 0xB2, 0xB2, 0xB2, 0xB2, 0x3F,
  0x00, 0x00, 0x00, 0x00, 0x00, 0x00, 0x00, 0x00, 0x00, 0x00, 0x00, 0x00, 0x00, 0x00, 0x00, 0x00,
  0x00, 0x00, 0x4B, 0xB2, 0xB2, 0xB2, 0xB2, 0xB2, 0xB2, 0xB2, 0x48, 0x00, 0x8D, 0xB2, 0xB2, 0xB2,
  0xB2, 0xB2, 0xB2, 0x8D, 0x00, 0x00, 0x00, 0x00, 0x00, 0x00, 0x00, 0x00, 0x00, 0x00, 0x00, 0x00,
  0x00, 0x00, 0x00, 0x00, 0x00, 0x02, 0x97, 0xB2, 0xB2, 0xB2, 0xB2, 0xB2, 0xB2, 0xB2, 0x4D, 0x00,
  0x56, 0xB2, 0xB2, 0xB2, 0xB2, 0xB2, 0xB2, 0xB2, 0x3C, 0x00, 0x00, 0x00, 0x00, 0x00, 0x00, 0x00,
  0x00, 0x00, 0x00, 0x00, 0x00, 0x00, 0x00, 0x00, 0x00, 0x4D, 0xB2, 0xB2, 0xB2, 0xB2, 0xB2, 0xB2,
  0xB2, 0xB2, 0x51, 0x00, 0x13, 0xAF, 0xB2, 0xB2, 0xB2, 0xB2, 0xB2, 0xB2, 0xA7, 0x15, 0x00, 0x00,
  0x00, 0x00, 0x00, 0x00, 0x00, 0x00, 0x00, 0x00, 0x00, 0x00, 0x00, 0x00, 0x2B, 0xAF, 0xB2, 0xB2,
  0xB2, 0xB2, 0xB2, 0xB2, 0xB2, 0xB2, 0x50, 0x00, 0x00, 0x72, 0xB2, 0xB2, 0xB2, 0xB2, 0xB2, 0xB2,
  0xB2, 0x9C, 0x1A, 0x00, 0x00, 0x00, 0x00, 0x00, 0x00, 0x00, 0x00, 0x00, 0x00, 0x00, 0x00, 0x31,
  0xA7, 0xB2, 0xB2, 0xB2, 0xB2, 0xB2, 0xB2, 0xB2, 0xB2, 0xB2, 0x4B, 0x00, 0x00, 0x15, 0xAC, 0xB2,
  0xB2, 0xB2, 0xB2, 0xB2, 0xB2, 0xB2, 0xA5, 0x49, 0x02, 0x00, 0x00, 0x00, 0x00, 0x00, 0x00, 0x00,
  0x00, 0x09, 0x5C, 0xB0, 0xB2, 0xB2, 0xB2, 0xB2, 0xB2, 0xB2, 0xB2, 0xB2, 0xB2, 0xB2, 0x47, 0x00,
  0x00, 0x00, 0x4B, 0xB2, 0xB2, 0xB2, 0xB2, 0xB2, 0xB2, 0xB2, 0xB2, 0xB2, 0x9A, 0x60, 0x2E, 0x16,
  0x07, 0x06, 0x15, 0x33, 0x66, 0xA5, 0xB2, 0xB2, 0xB2, 0xB2, 0xB0, 0x72, 0xB2, 0xB2, 0xB2, 0xB2,
  0xB2, 0xB2, 0x41, 0x00, 0x00, 0x00, 0x00, 0x71, 0xB2, 0xB2, 0xB2, 0xB2, 0xB2, 0xB2, 0xB2, 0xB2,
  0xB2, 0xB2, 0xB2, 0xB2, 0xB2, 0xB2, 0xB2, 0xB2, 0xB2, 0xB2, 0xB2, 0xB2, 0xB2, 0xB2, 0x64, 0x52,
  0xB2, 0xB2, 0xB2, 0xB2, 0xB2, 0xB2, 0x33, 0x00, 0x00, 0x00, 0x00, 0x04, 0x7B, 0xB2, 0xB2, 0xB2,
  0xB2, 0xB2, 0xB2, 0xB2, 0xB2, 0xB2, 0xB2, 0xB2, 0xB2, 0xB2, 0xB2, 0xB2, 0xB2, 0xB2, 0xB2, 0xB2,
  0xB2, 0x89, 0x04, 0x56, 0xB2, 0xB2, 0xB2, 0xB2, 0xB2, 0xB2, 0x25, 0x00, 0x00, 0x00, 0x00, 0x00,
  0x02, 0x69, 0xB2, 0xB2, 0xB2, 0xB2, 0xB2, 0xB2, 0xB2, 0xB2, 0xB2, 0xB2, 0xB2, 0xB2, 0xB2, 0xB2,
  0xB2, 0xB2, 0xB2, 0xB2, 0x8C, 0x0D, 0x00, 0x63, 0xB2, 0xB2, 0xB2, 0xB2, 0xB2, 0xB2, 0x16, 0x00,
  0x00, 0x00, 0x00, 0x00, 0x00, 0x00, 0x3B, 0xA1, 0xB2, 0xB2, 0xB2, 0xB2, 0xB2, 0xB2, 0xB2, 0xB2,
  0xB2, 0xB2, 0xB2, 0xB2, 0xB2, 0xB2, 0xB2, 0x6D, 0x07, 0x00, 0x00, 0x70, 0xB2, 0xB2, 0xB2, 0xB2,
  0xB2, 0xB0, 0x04, 0x00, 0x00, 0x00, 0x00, 0x00, 0x00, 0x00, 0x00, 0x08, 0x51, 0x9C, 0xB2, 0xB2,
  0xB2, 0xB2, 0xB2, 0xB2, 0xB2, 0xB2, 0xB2, 0xB2, 0xB2, 0x82, 0x2C, 0x00, 0x00, 0x00, 0x00, 0x82,
  0xB2, 0xB2, 0xB2, 0xB2, 0xB2, 0x9B, 0x00, 0x00, 0x00, 0x00, 0x00, 0x00, 0x00, 0x00, 0x00, 0x00,
  0x00, 0x00, 0x27, 0x55, 0x78, 0x90, 0x9C, 0x9F, 0x97, 0x8A, 0x6E, 0x4A, 0x15, 0x00, 0x00, 0x00,
  0x00, 0x00, 0x00, 0x9C, 0xB2, 0xB2, 0xB2, 0xB2, 0xB2, 0x81, 0x00, 0x00, 0x00, 0x00, 0x00, 0x00,
  0x00, 0x00, 0x00, 0x00, 0x00, 0x00, 0x00, 0x00, 0x00, 0x00, 0x00, 0x00, 0x00, 0x00, 0x00, 0x00,
  0x00, 0x00, 0x00, 0x00, 0x00, 0x00, 0x05, 0xB0, 0xB2, 0xB2, 0xB2, 0xB2, 0xB2, 0x62, 0x00, 0x00,
  0x00, 0x00, 0x00, 0x00, 0x00, 0x00, 0x00, 0x00, 0x00, 0x00, 0x00, 0x00, 0x00, 0x00, 0x00, 0x00,
  0x00, 0x00, 0x00, 0x00, 0x00, 0x00, 0x00, 0x00, 0x00, 0x00, 0x27, 0xB2, 0xB2, 0xB2, 0xB2, 0xB2,
  0xB2, 0x3C, 0x00, 0x00, 0x00, 0x00, 0x00, 0x00, 0x00, 0x00, 0x00, 0x00, 0x00, 0x00, 0x00, 0x00,
  0x00, 0x00, 0x00, 0x00, 0x00, 0x00, 0x00, 0x00, 0x00, 0x00, 0x00, 0x00, 0x00, 0x00, 0x4D, 0xB2,
  0xB2, 0xB2, 0xB2, 0xB2, 0xB2, 0x15, 0x00, 0x00, 0x00, 0x00, 0x00, 0x00, 0x00, 0x00, 0x00, 0x00,
  0x00, 0x00, 0x00, 0x00, 0x00, 0x00, 0x00, 0x00, 0x00, 0x00, 0x00, 0x00, 0x00, 0x00, 0x00, 0x00,
  0x00, 0x00, 0x80, 0xB2, 0xB2, 0xB2, 0xB2, 0xB2, 0x9C, 0x00, 0x00, 0x00, 0x00, 0x00, 0x00, 0x00,
  0x00, 0x00, 0x00, 0x00, 0x00, 0x00, 0x00, 0x00, 0x00, 0x00, 0x00, 0x00, 0x00, 0x00, 0x00, 0x00,
  0x00, 0x00, 0x00, 0x00, 0x00, 0x08, 0xAC, 0xB2, 0xB2, 0xB2, 0xB2, 0xB2, 0x66, 0x00, 0x00, 0x00,
  0x00, 0x00, 0x00, 0x00, 0x00, 0x00, 0x00, 0x00, 0x00, 0x00, 0x00, 0x00, 0x00, 0x00, 0x00, 0x00,
  0x00, 0x00, 0x00, 0x00, 0x00, 0x00, 0x00, 0x00, 0x00, 0x43, 0xB2, 0xB2, 0xB2, 0xB2, 0xB2, 0xB2,
  0x31, 0x00, 0x00, 0x00, 0x00, 0x00, 0x00, 0x00, 0x00, 0x00, 0x00, 0x00, 0x00, 0x00, 0x00, 0x00,
  0x00, 0x00, 0x00, 0x00, 0x00, 0x00, 0x00, 0x00, 0x00, 0x00, 0x00, 0x00, 0x00, 0x8C, 0xB2, 0xB2,
  0xB2, 0xB2, 0xB2, 0xA1, 0x02, 0x00, 0x00, 0x00, 0x00, 0x00, 0x00, 0x00, 0x00, 0x00, 0x00, 0x00,
  0x00, 0x00, 0x00, 0x00, 0x00, 0x00, 0x00, 0x00, 0x00, 0x00, 0x00, 0x00, 0x00, 0x00, 0x00, 0x00,
  0x30, 0xB2, 0xB2, 0xB2, 0xB2, 0xB2, 0xB2, 0x5D, 0x00, 0x00, 0x00, 0x00, 0x00, 0x00, 0x00, 0x00,
  0x00, 0x00, 0x00, 0x00, 0x00, 0x00, 0x00, 0x00, 0x00, 0x00, 0x00, 0x00, 0x00, 0x00, 0x00, 0x00,
  0x00, 0x00, 0x00, 0x02, 0x90, 0xB2, 0xB2, 0xB2, 0xB2, 0xB2, 0xAF, 0x16, 0x00, 0x00, 0x00, 0x00,
  0x00, 0x00, 0x00, 0x00, 0x00, 0x00, 0x00, 0x00, 0x00, 0x00, 0x00, 0x00, 0x00, 0x00, 0x00, 0x00,
  0x00, 0x00, 0x00, 0x00, 0x00, 0x00, 0x00, 0x52, 0xB2, 0xB2, 0xB2, 0xB2, 0xB2, 0xB2, 0x6C, 0x00,
  0x00, 0x00, 0x00, 0x00, 0x00, 0x00, 0x00, 0x00, 0x00, 0x00, 0x00, 0x00, 0x00, 0x00, 0x00, 0x00,
  0x00, 0x00, 0x00, 0x00, 0x00, 0x00, 0x00, 0x00, 0x00, 0x00, 0x2A, 0xAF, 0xB2, 0xB2, 0xB2, 0xB2,
  0xB2, 0xAD, 0x15, 0x00, 0x00, 0x00, 0x00, 0x00, 0x00, 0x00, 0x00, 0x00, 0x00, 0x00, 0x00, 0x00,
  0x00, 0x00, 0x00, 0x00, 0x00, 0x00, 0x00, 0x00, 0x00, 0x00, 0x00, 0x00, 0x00, 0x23, 0xA6, 0xB2,
  0xB2, 0xB2, 0xB2, 0xB2, 0xB2, 0x56, 0x00, 0x00, 0x00, 0x00, 0x00, 0x00, 0x00, 0x00, 0x0B, 0x00,
  0x00, 0x00, 0x00, 0x00, 0x00, 0x00, 0x00, 0x00, 0x00, 0x00, 0x00, 0x00, 0x00, 0x00, 0x00, 0x00,
  0x36, 0xA8, 0xB2, 0xB2, 0xB2, 0xB2, 0xB2, 0xB2, 0x91, 0x03, 0x00, 0x00, 0x00, 0x00, 0x00, 0x00,
  0x00, 0x00, 0x59, 0x87, 0x31, 0x00, 0x00, 0x00, 0x00, 0x00, 0x00, 0x00, 0x00, 0x00, 0x00, 0x00,
  0x00, 0x00, 0x10, 0x6F, 0xB1, 0xB2, 0xB2, 0xB2, 0xB2, 0xB2, 0xB2, 0xA7, 0x1A, 0x00, 0x00, 0x00,
  0x00, 0x00, 0x00, 0x00, 0x00, 0x00, 0x59, 0xB2, 0xB2, 0x9F, 0x64, 0x31, 0x0E, 0x00, 0x00, 0x00,
  0x00, 0x00, 0x00, 0x08, 0x35, 0x71, 0xAD, 0xB2, 0xB2, 0xB2, 0xB2, 0xB2, 0xB2, 0xB2, 0xB0, 0x32,
  0x00, 0x00, 0x00, 0x00, 0x00, 0x00, 0x00, 0x00, 0x00, 0x00, 0x59, 0xB2, 0xB2, 0xB2, 0xB2, 0xB2,
  0xB2, 0xA0, 0x90, 0x85, 0x80, 0x89, 0x9C, 0xB1, 0xB2, 0xB2, 0xB2, 0xB2, 0xB2, 0xB2, 0xB2, 0xB2,
  0xB2, 0xAF, 0x3A, 0x00, 0x00, 0x00, 0x00, 0x00, 0x00, 0x00, 0x00, 0x00, 0x00, 0x00, 0x59, 0xB2,
  0xB2, 0xB2, 0xB2, 0xB2, 0xB2, 0xB2, 0xB2, 0xB2, 0xB2, 0xB2, 0xB2, 0xB2, 0xB2, 0xB2, 0xB2, 0xB2,
  0xB2, 0xB2, 0xB2, 0xB2, 0xA8, 0x34, 0x00, 0x00, 0x00, 0x00, 0x00, 0x00, 0x00, 0x00, 0x00, 0x00,
  0x00, 0x00, 0x59, 0xB2, 0xB2, 0xB2, 0xB2, 0xB2, 0xB2, 0xB2, 0xB2, 0xB2, 0xB2, 0xB2, 0xB2, 0xB2,
  0xB2, 0xB2, 0xB2, 0xB2, 0xB2, 0xB2, 0xB2, 0x90, 0x19, 0x00, 0x00, 0x00, 0x00, 0x00, 0x00, 0x00,
  0x00, 0x00, 0x00, 0x00, 0x00, 0x00, 0x59, 0xB2, 0xB2, 0xB2, 0xB2, 0xB2, 0xB2, 0xB2, 0xB2, 0xB2,
  0xB2, 0xB2, 0xB2, 0xB2, 0xB2, 0xB2, 0xB2, 0xB2, 0xB2, 0xA5, 0x4A, 0x02, 0x00, 0x00, 0x00, 0x00,
  0x00, 0x00, 0x00, 0x00, 0x00, 0x00, 0x00, 0x00, 0x00, 0x00, 0x19, 0x65, 0xA4, 0xB2, 0xB2, 0xB2,
  0xB2, 0xB2, 0xB2, 0xB2, 0xB2, 0xB2, 0xB2, 0xB2, 0xB2, 0xB2, 0xB2, 0x91, 0x48, 0x08, 0x00, 0x00,
  0x00, 0x00, 0x00, 0x00, 0x00, 0x00, 0x00, 0x00, 0x00, 0x00, 0x00, 0x00, 0x00, 0x00, 0x00, 0x00,
  0x02, 0x24, 0x4F, 0x70, 0x88, 0x9D, 0xA6, 0xAE, 0xAF, 0xA8, 0x9E, 0x87, 0x6B, 0x46, 0x15, 0x00,
  0x00, 0x00, 0x00, 0x00, 0x00, 0x00, 0x00, 0x00, 0x00, 0x00, 0x00, 0x00, 0x00, 0x00, 0x00, 0x00,
  0x01, 0x4B, 0x93, 0xAD, 0xA3, 0x72, 0x17, 0x00, 0x00, 0x00, 0x76, 0xB2, 0xB2, 0xB2, 0xB2, 0xB2,
  0xA7, 0x21, 0x00, 0x41, 0xB2, 0xB2, 0xB2, 0xB2, 0xB2, 0xB2, 0xB2, 0x93, 0x00, 0x7D, 0xB2, 0xB2,
  0xB2, 0xB2, 0xB2, 0xB2, 0xB2, 0xB2, 0x1F, 0x8D, 0xB2, 0xB2, 0xB2, 0xB2, 0xB2, 0xB2, 0xB2, 0xB2,
  0x30, 0x78, 0xB2, 0xB2, 0xB2, 0xB2, 0xB2, 0xB2, 0xB2, 0xB2, 0x1A, 0x35, 0xB2, 0xB2, 0xB2, 0xB2,
  0xB2, 0xB2, 0xB2, 0x8A, 0x00, 0x00, 0x64, 0xB2, 0xB2, 0xB2, 0xB2, 0xB2, 0x9F, 0x18, 0x00, 0x00,
  0x00, 0x3A, 0x82, 0x9A, 0x90, 0x61, 0x0E, 0x00, 0x00, 0x00, 0x00, 0x00, 0x00, 0x00, 0x00, 0x00,
  0x00, 0x00, 0x00, 0x00, 0x00, 0x00, 0x00, 0x00, 0x00, 0x00, 0x00, 0x00, 0x00, 0x00, 0x00, 0x00,
  0x00, 0x00, 0x00, 0x00, 0x00, 0x00, 0x00, 0x00, 0x00, 0x00, 0x00, 0x00, 0x00, 0x00, 0x00, 0x00,
  0x00, 0x00, 0x00, 0x00, 0x00, 0x00, 0x00, 0x00, 0x00, 0x00, 0x00, 0x00, 0x00, 0x00, 0x00, 0x00,
  0x00, 0x00, 0x00, 0x00, 0x00, 0x00, 0x00, 0x00, 0x00, 0x00, 0x00, 0x00, 0x00, 0x00, 0x00, 0x00,
  0x00, 0x00, 0x00, 0x00, 0x00, 0x00, 0x00, 0x00, 0x00, 0x00, 0x00, 0x00, 0x00, 0x00, 0x00, 0x00,
  0x00, 0x00, 0x00, 0x00, 0x00, 0x00, 0x00, 0x00, 0x00, 0x00, 0x00, 0x00, 0x00, 0x00, 0x00, 0x00,
  0x00, 0x00, 0x00, 0x00, 0x00, 0x00, 0x00, 0x00, 0x00, 0x00, 0x00, 0x00, 0x00, 0x00, 0x00, 0x00,
  0x00, 0x00, 0x00, 0x00, 0x00, 0x00, 0x00, 0x00, 0x00, 0x00, 0x00, 0x00, 0x00, 0x00, 0x00, 0x00,
  0x00, 0x00, 0x00, 0x00, 0x00, 0x00, 0x00, 0x00, 0x00, 0x00, 0x00, 0x00, 0x00, 0x00, 0x00, 0x00,
  0x00, 0x00, 0x00, 0x00, 0x00, 0x00, 0x00, 0x00, 0x00, 0x00, 0x00, 0x00, 0x00, 0x00, 0x00, 0x00,
  0x00, 0x00, 0x00, 0x00, 0x00, 0x00, 0x00, 0x00, 0x00, 0x00, 0x00, 0x00, 0x00, 0x00, 0x00, 0x00,
  0x00, 0x00, 0x00, 0x00, 0x00, 0x00, 0x00, 0x00, 0x00, 0x00, 0x00, 0x00, 0x00, 0x00, 0x00, 0x00,
  0x00, 0x00, 0x00, 0x00, 0x00, 0x00, 0x00, 0x00, 0x00, 0x00, 0x00, 0x00, 0x00, 0x00, 0x00, 0x00,
  0x00, 0x00, 0x00, 0x00, 0x00, 0x00, 0x00, 0x00, 0x00, 0x00, 0x00, 0x00, 0x00, 0x00, 0x00, 0x00,
  0x00, 0x46, 0x8E, 0xA8, 0x9E, 0x6D, 0x14, 0x00, 0x00, 0x00, 0x6F, 0xB2, 0xB2, 0xB2, 0xB2, 0xB2,
  0xA3, 0x1C, 0x00, 0x3A, 0xB2, 0xB2, 0xB2, 0xB2, 0xB2, 0xB2, 0xB2, 0x8E, 0x00, 0x7A, 0xB2, 0xB2,
  0xB2, 0xB2, 0xB2, 0xB2, 0xB2, 0xB2, 0x1C, 0x8D, 0xB2, 0xB2, 0xB2, 0xB2, 0xB2, 0xB2, 0xB2, 0xB2,
  0x30, 0x7B, 0xB2, 0xB2, 0xB2, 0xB2, 0xB2, 0xB2, 0xB2, 0xB2, 0x1E, 0x3D, 0xB2, 0xB2, 0xB2, 0xB2,
  0xB2, 0xB2, 0xB2, 0x91, 0x00, 0x00, 0x76, 0xB2, 0xB2, 0xB2, 0xB2, 0xB2, 0xA7, 0x20, 0x00, 0x00,
  0x01, 0x4F, 0x95, 0xAE, 0xA4, 0x73, 0x18, 0x00, 0x00, 0x0E, 0x4D, 0x69, 0x63, 0x72, 0x6F, 0x73,
  0x6F, 0x66, 0x74, 0x59, 0x61, 0x48, 0x65, 0x69, 0x00, 0x16, 0x4D, 0x69, 0x63, 0x72, 0x6F, 0x73,
  0x6F, 0x66, 0x74, 0x59, 0x61, 0x48, 0x65, 0x69, 0x2D, 0x52, 0x65, 0x67, 0x75, 0x6C, 0x61, 0x72,
  0x01,
};
